Name,Club,Position,Nationality,Age,Goals,Shots on target,Clean sheets,Tackles,Blocked shots,Interceptions,Clearances,Duels won,Aerial battles won,Assists,Passes,Big chances created,Through balls,Accurate long balls,Saves
Bernd Leno,Arsenal,Goalkeeper,Germany,28.0,0.0,0.0,14.0,0.0,0.0,0.0,0.0,0.0,0.0,0.0,1783.0,0.0,0.0,234.0,222.0
Matt Macey,Arsenal,Goalkeeper,England,26.0,0.0,0.0,0.0,0.0,0.0,0.0,0.0,0.0,0.0,0.0,0.0,0.0,0.0,0.0,0.0
Rúnar Alex Rúnarsson,Arsenal,Goalkeeper,Iceland,25.0,0.0,0.0,0.0,0.0,0.0,0.0,0.0,0.0,0.0,0.0,0.0,0.0,0.0,0.0,0.0
Héctor Bellerín,Arsenal,Defender,Spain,25.0,7.0,0.0,53.0,214.0,32.0,208.0,304.0,611.0,161.0,18.0,7125.0,28.0,31.0,144.0,0.0
Kieran Tierney,Arsenal,Defender,Scotland,23.0,1.0,0.0,2.0,21.0,1.0,12.0,32.0,55.0,10.0,1.0,519.0,1.0,0.0,22.0,0.0
William Saliba,Arsenal,Defender,France,19.0,0.0,0.0,0.0,0.0,0.0,0.0,0.0,0.0,0.0,0.0,0.0,0.0,0.0,0.0,0.0
Sokratis,Arsenal,Defender,Greece,32.0,3.0,0.0,9.0,67.0,4.0,43.0,175.0,227.0,115.0,2.0,2416.0,4.0,2.0,172.0,0.0
Rob Holding,Arsenal,Defender,England,25.0,0.0,0.0,10.0,50.0,3.0,54.0,170.0,176.0,96.0,0.0,2200.0,0.0,1.0,116.0,0.0
Shkodran Mustafi,Arsenal,Defender,Germany,28.0,7.0,0.0,26.0,197.0,14.0,195.0,531.0,670.0,413.0,4.0,5907.0,5.0,13.0,273.0,0.0
Calum Chambers,Arsenal,Defender,England,25.0,6.0,0.0,28.0,257.0,22.0,247.0,537.0,703.0,301.0,3.0,5935.0,9.0,4.0,304.0,0.0
David Luiz,Arsenal,Defender,Brazil,33.0,13.0,0.0,64.0,240.0,59.0,344.0,832.0,846.0,344.0,7.0,10165.0,22.0,79.0,980.0,0.0
Sead Kolasinac,Arsenal,Defender,Bosnia And Herzegovina,27.0,2.0,0.0,17.0,112.0,11.0,72.0,111.0,284.0,97.0,11.0,3201.0,18.0,3.0,67.0,0.0
Gabriel Magalhães,Arsenal,Defender,Brazil,22.0,1.0,0.0,1.0,2.0,0.0,2.0,8.0,8.0,4.0,0.0,197.0,0.0,0.0,6.0,0.0
Mesut Özil,Arsenal,Midfielder,Germany,31.0,33.0,92.0,0.0,161.0,58.0,75.0,37.0,625.0,28.0,54.0,11186.0,65.0,121.0,276.0,0.0
Lucas Torreira,Arsenal,Midfielder,Uruguay,24.0,3.0,12.0,0.0,96.0,10.0,75.0,53.0,276.0,32.0,3.0,2493.0,3.0,4.0,94.0,0.0
Ainsley Maitland-Niles,Arsenal,Midfielder,England,23.0,1.0,4.0,0.0,101.0,3.0,62.0,66.0,218.0,29.0,3.0,1867.0,4.0,2.0,74.0,0.0
Mohamed Elneny,Arsenal,Midfielder,Egypt,28.0,0.0,5.0,0.0,57.0,22.0,41.0,41.0,109.0,18.0,3.0,2532.0,2.0,4.0,83.0,0.0
Joseph Willock,Arsenal,Midfielder,England,21.0,1.0,5.0,0.0,30.0,4.0,6.0,10.0,75.0,9.0,1.0,398.0,1.0,3.0,15.0,0.0
Matteo Guendouzi,Arsenal,Midfielder,France,21.0,0.0,9.0,0.0,75.0,11.0,59.0,58.0,263.0,31.0,1.0,2750.0,4.0,16.0,148.0,0.0
Emile Smith Rowe,Arsenal,Midfielder,England,20.0,0.0,0.0,0.0,1.0,0.0,1.0,2.0,4.0,0.0,0.0,35.0,0.0,0.0,0.0,0.0
Granit Xhaka,Arsenal,Midfielder,Switzerland,27.0,8.0,41.0,0.0,254.0,40.0,133.0,208.0,650.0,181.0,13.0,9739.0,12.0,35.0,673.0,0.0
Bukayo Saka,Arsenal,Midfielder,England,19.0,1.0,4.0,0.0,36.0,5.0,12.0,12.0,0.0,0.0,5.0,716.0,6.0,0.0,0.0,0.0
Dani Ceballos,Arsenal,Midfielder,Spain,24.0,0.0,3.0,0.0,49.0,6.0,37.0,14.0,127.0,12.0,3.0,1372.0,2.0,7.0,81.0,0.0
Alexandre Lacazette,Arsenal,Forward,France,29.0,39.0,93.0,0.0,92.0,44.0,30.0,49.0,0.0,0.0,16.0,2045.0,15.0,0.0,0.0,0.0
Pierre-Emerick Aubameyang,Arsenal,Forward,Gabon,31.0,55.0,105.0,0.0,58.0,52.0,25.0,38.0,0.0,0.0,13.0,1880.0,17.0,0.0,0.0,0.0
Nicolas Pépé,Arsenal,Forward,Cote D'Ivoire,25.0,5.0,18.0,0.0,32.0,14.0,8.0,4.0,0.0,0.0,6.0,723.0,8.0,0.0,0.0,0.0
Reiss Nelson,Arsenal,Forward,England,20.0,1.0,4.0,0.0,15.0,5.0,6.0,2.0,0.0,0.0,0.0,286.0,0.0,0.0,0.0,0.0
Eddie Nketiah,Arsenal,Forward,England,21.0,4.0,8.0,0.0,9.0,4.0,2.0,6.0,0.0,0.0,0.0,172.0,1.0,0.0,0.0,0.0
Gabriel Martinelli,Arsenal,Forward,Brazil,19.0,3.0,5.0,0.0,20.0,2.0,3.0,5.0,46.0,8.0,0.0,116.0,0.0,1.0,2.0,0.0
Willian,Arsenal,Forward,Brazil,32.0,37.0,145.0,0.0,246.0,111.0,100.0,54.0,0.0,0.0,35.0,8290.0,51.0,0.0,0.0,0.0
Tom Heaton,Aston-Villa,Goalkeeper,England,34.0,0.0,0.0,28.0,0.0,0.0,0.0,0.0,0.0,0.0,0.0,3290.0,0.0,0.0,1067.0,408.0
Jed Steer,Aston-Villa,Goalkeeper,England,28.0,0.0,0.0,0.0,0.0,0.0,0.0,0.0,0.0,0.0,0.0,32.0,0.0,0.0,6.0,2.0
Ørjan Nyland,Aston-Villa,Goalkeeper,Norway,30.0,0.0,0.0,1.0,0.0,0.0,0.0,0.0,0.0,0.0,0.0,152.0,0.0,0.0,35.0,15.0
Lovre Kalinic,Aston-Villa,Goalkeeper,Croatia,30.0,0.0,0.0,0.0,0.0,0.0,0.0,0.0,0.0,0.0,0.0,0.0,0.0,0.0,0.0,0.0
Emiliano Martínez,Aston-Villa,Goalkeeper,Argentina,28.0,0.0,0.0,7.0,0.0,0.0,0.0,0.0,0.0,0.0,0.0,397.0,0.0,0.0,62.0,44.0
Neil Taylor,Aston-Villa,Defender,Wales,31.0,0.0,0.0,38.0,266.0,14.0,241.0,350.0,493.0,94.0,5.0,5491.0,6.0,5.0,214.0,0.0
Ezri Konsa Ngoyo,Aston-Villa,Defender,England,22.0,2.0,0.0,5.0,19.0,3.0,27.0,70.0,116.0,56.0,2.0,810.0,2.0,0.0,36.0,0.0
Matt Targett,Aston-Villa,Defender,England,25.0,2.0,0.0,12.0,122.0,8.0,124.0,156.0,274.0,84.0,6.0,2240.0,13.0,8.0,140.0,0.0
Björn Engels,Aston-Villa,Defender,Belgium,26.0,1.0,0.0,2.0,11.0,0.0,28.0,85.0,71.0,55.0,0.0,647.0,0.0,0.0,49.0,0.0
Frédéric Guilbert,Aston-Villa,Defender,France,25.0,0.0,0.0,2.0,74.0,2.0,49.0,62.0,164.0,48.0,2.0,749.0,1.0,0.0,40.0,0.0
Ahmed El Mohamady,Aston-Villa,Defender,Egypt,33.0,6.0,0.0,28.0,267.0,19.0,246.0,342.0,960.0,444.0,13.0,6628.0,19.0,7.0,304.0,0.0
Kortney Hause,Aston-Villa,Defender,England,25.0,1.0,3.0,0.0,21.0,2.0,20.0,94.0,138.0,100.0,0.0,799.0,1.0,1.0,62.0,0.0
Tyrone Mings,Aston-Villa,Defender,England,27.0,2.0,0.0,7.0,30.0,1.0,49.0,253.0,162.0,96.0,3.0,1961.0,2.0,0.0,155.0,0.0
Matthew Cash,Aston-Villa,Defender,England,23.0,0.0,0.0,1.0,1.0,2.0,2.0,4.0,1.0,0.0,0.0,56.0,0.0,0.0,3.0,0.0
Douglas Luiz,Aston-Villa,Midfielder,Brazil,22.0,3.0,13.0,0.0,46.0,17.0,36.0,47.0,150.0,31.0,2.0,1300.0,3.0,4.0,100.0,0.0
John McGinn,Aston-Villa,Midfielder,Scotland,25.0,3.0,20.0,0.0,53.0,12.0,26.0,15.0,193.0,19.0,3.0,759.0,3.0,3.0,85.0,0.0
Henri Lansbury,Aston-Villa,Midfielder,England,29.0,0.0,0.0,0.0,7.0,1.0,1.0,2.0,10.0,2.0,0.0,115.0,0.0,0.0,11.0,0.0
Jack Grealish,Aston-Villa,Midfielder,England,25.0,9.0,32.0,0.0,45.0,33.0,44.0,17.0,419.0,29.0,7.0,2098.0,12.0,2.0,103.0,0.0
Marvelous Nakamba,Aston-Villa,Midfielder,Zimbabwe,26.0,0.0,1.0,0.0,55.0,0.0,39.0,32.0,115.0,23.0,0.0,782.0,0.0,0.0,24.0,0.0
Conor Hourihane,Aston-Villa,Midfielder,Ireland,29.0,3.0,10.0,0.0,16.0,13.0,9.0,27.0,54.0,14.0,5.0,665.0,8.0,1.0,22.0,0.0
Trézéguet,Aston-Villa,Midfielder,Egypt,25.0,6.0,17.0,0.0,40.0,22.0,27.0,14.0,134.0,32.0,1.0,388.0,0.0,0.0,10.0,0.0
Anwar El Ghazi,Aston-Villa,Midfielder,Netherlands,25.0,4.0,20.0,0.0,20.0,11.0,13.0,12.0,97.0,31.0,4.0,479.0,4.0,1.0,15.0,0.0
Jota,Aston-Villa,Midfielder,Spain,29.0,0.0,1.0,0.0,3.0,4.0,3.0,5.0,13.0,1.0,1.0,93.0,1.0,2.0,6.0,0.0
Jacob Ramsey,Aston-Villa,Midfielder,England,19.0,0.0,0.0,0.0,0.0,0.0,0.0,0.0,0.0,0.0,0.0,0.0,0.0,0.0,0.0,0.0
Wesley,Aston-Villa,Forward,Brazil,23.0,5.0,18.0,0.0,15.0,8.0,4.0,23.0,0.0,0.0,1.0,367.0,1.0,0.0,0.0,0.0
Keinan Davis,Aston-Villa,Forward,England,22.0,0.0,5.0,0.0,1.0,2.0,0.0,4.0,0.0,0.0,0.0,149.0,0.0,0.0,0.0,0.0
Ollie Watkins,Aston-Villa,Forward,England,24.0,0.0,0.0,0.0,0.0,1.0,0.0,0.0,0.0,0.0,0.0,19.0,0.0,0.0,0.0,0.0
Bertrand Traoré,Aston-Villa,Forward,Burkina Faso,25.0,2.0,6.0,0.0,9.0,7.0,2.0,3.0,0.0,0.0,1.0,136.0,1.0,0.0,0.0,0.0
Mat Ryan,Brighton-and-Hove-Albion,Goalkeeper,Australia,28.0,0.0,0.0,26.0,0.0,0.0,0.0,0.0,0.0,0.0,0.0,3272.0,0.0,0.0,964.0,340.0
Jason Steele,Brighton-and-Hove-Albion,Goalkeeper,England,30.0,0.0,0.0,0.0,0.0,0.0,0.0,0.0,0.0,0.0,0.0,0.0,0.0,0.0,0.0,0.0
Christian Walton,Brighton-and-Hove-Albion,Goalkeeper,England,24.0,0.0,0.0,0.0,0.0,0.0,0.0,0.0,0.0,0.0,0.0,0.0,0.0,0.0,0.0,0.0
Robert Sánchez,Brighton-and-Hove-Albion,Goalkeeper,Spain,22.0,0.0,0.0,0.0,0.0,0.0,0.0,0.0,0.0,0.0,0.0,0.0,0.0,0.0,0.0,0.0
Ben White,Brighton-and-Hove-Albion,Defender,England,22.0,0.0,0.0,1.0,2.0,0.0,2.0,2.0,8.0,4.0,0.0,101.0,0.0,0.0,4.0,0.0
Tariq Lamptey,Brighton-and-Hove-Albion,Defender,England,19.0,0.0,0.0,1.0,12.0,2.0,23.0,16.0,57.0,5.0,2.0,243.0,4.0,0.0,3.0,0.0
Lewis Dunk,Brighton-and-Hove-Albion,Defender,England,28.0,6.0,0.0,27.0,151.0,16.0,173.0,547.0,560.0,345.0,5.0,5364.0,3.0,6.0,506.0,0.0
Adam Webster,Brighton-and-Hove-Albion,Defender,England,25.0,3.0,0.0,6.0,33.0,3.0,48.0,112.0,179.0,114.0,1.0,2001.0,2.0,1.0,120.0,0.0
Bernardo,Brighton-and-Hove-Albion,Defender,Brazil,25.0,0.0,0.0,2.0,89.0,5.0,40.0,86.0,212.0,75.0,1.0,1115.0,3.0,0.0,35.0,0.0
Dan Burn,Brighton-and-Hove-Albion,Defender,England,28.0,0.0,0.0,9.0,73.0,5.0,51.0,203.0,270.0,165.0,0.0,1792.0,2.0,3.0,62.0,0.0
Joël Veltman,Brighton-and-Hove-Albion,Defender,Netherlands,28.0,0.0,0.0,0.0,0.0,0.0,0.0,0.0,0.0,0.0,0.0,0.0,0.0,0.0,0.0,0.0
Romaric Yapi,Brighton-and-Hove-Albion,Defender,France,20.0,0.0,0.0,0.0,0.0,0.0,0.0,0.0,0.0,0.0,0.0,0.0,0.0,0.0,0.0,0.0
Alex Cochrane,Brighton-and-Hove-Albion,Defender,England,20.0,0.0,0.0,0.0,0.0,0.0,0.0,0.0,0.0,0.0,0.0,0.0,0.0,0.0,0.0,0.0
Haydon Roberts,Brighton-and-Hove-Albion,Defender,England,18.0,0.0,0.0,0.0,0.0,0.0,0.0,0.0,0.0,0.0,0.0,0.0,0.0,0.0,0.0,0.0
Dale Stephens,Brighton-and-Hove-Albion,Midfielder,England,31.0,1.0,5.0,0.0,261.0,16.0,167.0,152.0,402.0,73.0,5.0,4785.0,4.0,7.0,381.0,0.0
Yves Bissouma,Brighton-and-Hove-Albion,Midfielder,Mali,24.0,1.0,10.0,0.0,115.0,11.0,57.0,48.0,285.0,48.0,0.0,1441.0,1.0,6.0,74.0,0.0
Alexis Mac Allister,Brighton-and-Hove-Albion,Midfielder,Argentina,21.0,0.0,1.0,0.0,9.0,3.0,1.0,1.0,17.0,3.0,0.0,98.0,0.0,0.0,2.0,0.0
Pascal Groß,Brighton-and-Hove-Albion,Midfielder,Germany,29.0,12.0,38.0,0.0,101.0,29.0,37.0,48.0,216.0,49.0,15.0,2937.0,35.0,17.0,166.0,0.0
Adam Lallana,Brighton-and-Hove-Albion,Midfielder,England,32.0,30.0,96.0,0.0,322.0,91.0,166.0,126.0,886.0,120.0,28.0,6407.0,25.0,47.0,146.0,0.0
Solly March,Brighton-and-Hove-Albion,Midfielder,England,26.0,2.0,26.0,0.0,140.0,31.0,62.0,66.0,372.0,52.0,7.0,1971.0,13.0,3.0,100.0,0.0
Davy Pröpper,Brighton-and-Hove-Albion,Midfielder,Netherlands,29.0,2.0,15.0,0.0,187.0,22.0,151.0,134.0,456.0,112.0,7.0,4384.0,7.0,7.0,258.0,0.0
Steven Alzate,Brighton-and-Hove-Albion,Midfielder,Colombia,22.0,0.0,4.0,0.0,34.0,7.0,15.0,13.0,0.0,0.0,0.0,681.0,0.0,0.0,0.0,0.0
Max Sanders,Brighton-and-Hove-Albion,Midfielder,England,21.0,0.0,0.0,0.0,0.0,0.0,0.0,0.0,0.0,0.0,0.0,0.0,0.0,0.0,0.0,0.0
Jayson Molumby,Brighton-and-Hove-Albion,Midfielder,Ireland,21.0,0.0,0.0,0.0,0.0,0.0,0.0,0.0,0.0,0.0,0.0,0.0,0.0,0.0,0.0,0.0
Lars Dendoncker,Brighton-and-Hove-Albion,Midfielder,Belgium,19.0,0.0,0.0,0.0,0.0,0.0,0.0,0.0,0.0,0.0,0.0,0.0,0.0,0.0,0.0,0.0
Peter Gwargis,Brighton-and-Hove-Albion,Midfielder,Sweden,20.0,0.0,0.0,0.0,0.0,0.0,0.0,0.0,0.0,0.0,0.0,0.0,0.0,0.0,0.0,0.0
Leandro Trossard,Brighton-and-Hove-Albion,Forward,Belgium,25.0,6.0,14.0,0.0,23.0,8.0,11.0,6.0,0.0,0.0,4.0,772.0,7.0,0.0,0.0,0.0
Neal Maupay,Brighton-and-Hove-Albion,Forward,France,24.0,12.0,41.0,0.0,21.0,31.0,5.0,9.0,0.0,0.0,4.0,710.0,3.0,0.0,0.0,0.0
Alireza Jahanbakhsh,Brighton-and-Hove-Albion,Forward,Iran,27.0,2.0,8.0,0.0,41.0,10.0,14.0,3.0,0.0,0.0,0.0,401.0,2.0,0.0,0.0,0.0
José Izquierdo,Brighton-and-Hove-Albion,Forward,Colombia,28.0,5.0,19.0,0.0,38.0,19.0,21.0,32.0,0.0,0.0,4.0,728.0,4.0,0.0,0.0,0.0
Aaron Connolly,Brighton-and-Hove-Albion,Forward,Ireland,20.0,4.0,16.0,0.0,8.0,14.0,0.0,3.0,0.0,0.0,1.0,161.0,1.0,0.0,0.0,0.0
Florin Andone,Brighton-and-Hove-Albion,Forward,Romania,27.0,4.0,9.0,0.0,11.0,6.0,3.0,13.0,0.0,0.0,0.0,177.0,0.0,0.0,0.0,0.0
Viktor Gyökeres,Brighton-and-Hove-Albion,Forward,Sweden,22.0,0.0,0.0,0.0,0.0,0.0,0.0,0.0,0.0,0.0,0.0,0.0,0.0,0.0,0.0,0.0
Nick Pope,Burnley,Goalkeeper,England,28.0,0.0,0.0,26.0,0.0,0.0,0.0,0.0,0.0,0.0,0.0,2124.0,0.0,0.0,647.0,237.0
Bailey Peacock-Farrell,Burnley,Goalkeeper,Northern Ireland,23.0,0.0,0.0,0.0,0.0,0.0,0.0,0.0,0.0,0.0,0.0,0.0,0.0,0.0,0.0,0.0
Will Norris,Burnley,Goalkeeper,England,27.0,0.0,0.0,0.0,0.0,0.0,0.0,0.0,0.0,0.0,0.0,0.0,0.0,0.0,0.0,0.0
Matthew Lowton,Burnley,Defender,England,31.0,2.0,0.0,36.0,415.0,6.0,317.0,697.0,796.0,198.0,12.0,5463.0,18.0,19.0,466.0,0.0
Charlie Taylor,Burnley,Defender,England,27.0,0.0,0.0,19.0,111.0,1.0,86.0,186.0,411.0,144.0,2.0,2249.0,3.0,0.0,134.0,0.0
James Tarkowski,Burnley,Defender,England,27.0,5.0,0.0,34.0,202.0,13.0,166.0,691.0,861.0,540.0,3.0,3839.0,7.0,0.0,355.0,0.0
Ben Mee,Burnley,Defender,England,31.0,4.0,0.0,47.0,240.0,13.0,260.0,1082.0,986.0,609.0,4.0,6088.0,7.0,1.0,634.0,0.0
Erik Pieters,Burnley,Defender,Netherlands,32.0,1.0,0.0,44.0,538.0,11.0,354.0,620.0,1142.0,324.0,11.0,6880.0,17.0,5.0,308.0,0.0
Phil Bardsley,Burnley,Defender,Scotland,35.0,7.0,0.0,67.0,728.0,56.0,423.0,1081.0,1395.0,302.0,5.0,9247.0,17.0,19.0,584.0,0.0
Kevin Long,Burnley,Defender,Ireland,30.0,1.0,0.0,7.0,63.0,6.0,34.0,214.0,236.0,139.0,3.0,1038.0,4.0,0.0,104.0,0.0
Jimmy Dunne,Burnley,Defender,Ireland,22.0,1.0,0.0,0.0,0.0,0.0,2.0,8.0,9.0,7.0,0.0,25.0,0.0,0.0,2.0,0.0
Bobby Thomas,Burnley,Defender,England,19.0,0.0,0.0,0.0,0.0,0.0,0.0,0.0,0.0,0.0,0.0,0.0,0.0,0.0,0.0,0.0
Anthony Driscoll-Glennon,Burnley,Defender,England,20.0,0.0,0.0,0.0,0.0,0.0,0.0,0.0,0.0,0.0,0.0,0.0,0.0,0.0,0.0,0.0
Jack Cork,Burnley,Midfielder,England,31.0,8.0,42.0,0.0,466.0,43.0,400.0,477.0,1312.0,393.0,9.0,11059.0,11.0,34.0,591.0,0.0
Jóhann Gudmundsson,Burnley,Midfielder,Iceland,29.0,7.0,37.0,0.0,93.0,32.0,91.0,90.0,313.0,93.0,17.0,1750.0,12.0,3.0,82.0,0.0
Josh Brownhill,Burnley,Midfielder,England,24.0,0.0,0.0,0.0,15.0,3.0,19.0,17.0,52.0,21.0,0.0,368.0,0.0,0.0,10.0,0.0
Dwight McNeil,Burnley,Midfielder,England,20.0,5.0,20.0,0.0,83.0,25.0,43.0,59.0,0.0,0.0,12.0,1509.0,17.0,0.0,0.0,0.0
Robbie Brady,Burnley,Midfielder,Ireland,28.0,9.0,42.0,0.0,241.0,54.0,136.0,214.0,596.0,136.0,12.0,3280.0,23.0,12.0,195.0,0.0
Ashley Westwood,Burnley,Midfielder,England,30.0,9.0,34.0,0.0,336.0,48.0,321.0,241.0,586.0,94.0,25.0,9880.0,39.0,22.0,790.0,0.0
Josh Benson,Burnley,Midfielder,England,20.0,0.0,0.0,0.0,0.0,0.0,0.0,0.0,0.0,0.0,0.0,0.0,0.0,0.0,0.0,0.0
Chris Wood,Burnley,Forward,New Zealand,28.0,36.0,81.0,0.0,28.0,22.0,7.0,62.0,0.0,0.0,4.0,1535.0,8.0,0.0,0.0,0.0
Ashley Barnes,Burnley,Forward,England,30.0,38.0,104.0,0.0,103.0,53.0,33.0,111.0,0.0,0.0,6.0,2475.0,11.0,0.0,0.0,0.0
Jay Rodriguez,Burnley,Forward,England,31.0,41.0,140.0,0.0,154.0,87.0,82.0,113.0,0.0,0.0,12.0,2835.0,14.0,0.0,0.0,0.0
Matej Vydra,Burnley,Forward,Czech Republic,28.0,6.0,20.0,0.0,10.0,5.0,5.0,13.0,0.0,0.0,5.0,359.0,4.0,0.0,0.0,0.0
Kepa Arrizabalaga,Chelsea,Goalkeeper,Spain,25.0,0.0,0.0,22.0,0.0,0.0,0.0,0.0,0.0,0.0,0.0,2006.0,0.0,0.0,334.0,142.0
Willy Caballero,Chelsea,Goalkeeper,Argentina,38.0,0.0,0.0,11.0,0.0,0.0,0.0,0.0,0.0,0.0,0.0,798.0,0.0,0.0,166.0,72.0
Antonio Rüdiger,Chelsea,Defender,Germany,27.0,5.0,0.0,28.0,93.0,15.0,72.0,252.0,341.0,199.0,1.0,5738.0,5.0,14.0,364.0,0.0
Marcos Alonso,Chelsea,Defender,Spain,29.0,20.0,0.0,52.0,288.0,63.0,215.0,369.0,800.0,286.0,12.0,6434.0,17.0,8.0,214.0,0.0
Andreas Christensen,Chelsea,Defender,Denmark,24.0,0.0,0.0,12.0,76.0,3.0,74.0,193.0,254.0,145.0,0.0,3213.0,2.0,3.0,131.0,0.0
Kurt Zouma,Chelsea,Defender,France,25.0,5.0,0.0,35.0,160.0,13.0,225.0,653.0,681.0,413.0,4.0,5767.0,2.0,0.0,396.0,0.0
Reece James,Chelsea,Defender,England,20.0,1.0,0.0,4.0,43.0,6.0,26.0,27.0,137.0,42.0,3.0,1104.0,6.0,0.0,45.0,0.0
César Azpilicueta,Chelsea,Defender,Spain,31.0,8.0,0.0,95.0,722.0,29.0,475.0,788.0,1400.0,475.0,31.0,15647.0,32.0,25.0,633.0,0.0
Fikayo Tomori,Chelsea,Defender,England,22.0,1.0,0.0,4.0,32.0,1.0,24.0,53.0,81.0,34.0,0.0,1193.0,0.0,3.0,43.0,0.0
Emerson,Chelsea,Defender,Italy,26.0,0.0,0.0,4.0,43.0,6.0,28.0,31.0,122.0,25.0,1.0,1285.0,3.0,2.0,32.0,0.0
Ben Chilwell,Chelsea,Defender,England,23.0,4.0,0.0,24.0,157.0,10.0,117.0,261.0,637.0,261.0,9.0,4540.0,12.0,8.0,137.0,0.0
Thiago Silva,Chelsea,Defender,Brazil,36.0,0.0,0.0,0.0,0.0,0.0,0.0,0.0,0.0,0.0,0.0,0.0,0.0,0.0,0.0,0.0
Juan Castillo,Chelsea,Defender,Netherlands,20.0,0.0,0.0,0.0,0.0,0.0,0.0,0.0,0.0,0.0,0.0,0.0,0.0,0.0,0.0,0.0
Hakim Ziyech,Chelsea,Midfielder,Morocco,27.0,0.0,0.0,0.0,0.0,0.0,0.0,0.0,0.0,0.0,0.0,0.0,0.0,0.0,0.0,0.0
Jorginho,Chelsea,Midfielder,Italy,28.0,7.0,13.0,0.0,147.0,9.0,130.0,64.0,256.0,29.0,3.0,5482.0,12.0,50.0,231.0,0.0
N'Golo Kanté,Chelsea,Midfielder,France,29.0,10.0,29.0,0.0,540.0,46.0,420.0,184.0,922.0,123.0,10.0,8952.0,15.0,28.0,364.0,0.0
Ross Barkley,Chelsea,Midfielder,England,26.0,25.0,119.0,0.0,172.0,145.0,76.0,108.0,973.0,170.0,27.0,7686.0,32.0,59.0,469.0,0.0
Ruben Loftus-Cheek,Chelsea,Midfielder,England,24.0,9.0,19.0,0.0,54.0,27.0,44.0,41.0,355.0,65.0,6.0,1854.0,7.0,6.0,50.0,0.0
Mateo Kovacic,Chelsea,Midfielder,Croatia,26.0,1.0,9.0,0.0,108.0,24.0,30.0,34.0,320.0,19.0,5.0,3398.0,4.0,19.0,128.0,0.0
Mason Mount,Chelsea,Midfielder,England,21.0,7.0,29.0,0.0,43.0,28.0,18.0,19.0,136.0,10.0,5.0,1312.0,8.0,3.0,28.0,0.0
Christian Pulisic,Chelsea,Midfielder,United States,22.0,9.0,26.0,0.0,23.0,15.0,6.0,7.0,128.0,20.0,4.0,668.0,6.0,4.0,19.0,0.0
Billy Gilmour,Chelsea,Midfielder,Scotland,19.0,0.0,0.0,0.0,5.0,0.0,3.0,2.0,10.0,2.0,0.0,172.0,0.0,0.0,9.0,0.0
Kai Havertz,Chelsea,Midfielder,Germany,21.0,0.0,0.0,0.0,3.0,0.0,0.0,1.0,6.0,2.0,0.0,41.0,0.0,1.0,1.0,0.0
Timo Werner,Chelsea,Forward,Germany,24.0,0.0,1.0,0.0,1.0,3.0,3.0,2.0,0.0,0.0,0.0,49.0,0.0,0.0,0.0,0.0
Tammy Abraham,Chelsea,Forward,England,22.0,20.0,56.0,0.0,18.0,26.0,8.0,39.0,0.0,0.0,4.0,721.0,6.0,0.0,0.0,0.0
Olivier Giroud,Chelsea,Forward,France,33.0,86.0,212.0,0.0,145.0,104.0,64.0,178.0,0.0,0.0,28.0,4718.0,40.0,0.0,0.0,0.0
Callum Hudson-Odoi,Chelsea,Forward,England,19.0,1.0,8.0,0.0,18.0,14.0,8.0,4.0,0.0,0.0,6.0,641.0,8.0,0.0,0.0,0.0
Wayne Hennessey,Crystal-Palace,Goalkeeper,Wales,33.0,0.0,0.0,37.0,0.0,0.0,0.0,0.0,0.0,0.0,1.0,4858.0,0.0,0.0,1618.0,617.0
Vicente Guaita,Crystal-Palace,Goalkeeper,Spain,33.0,0.0,0.0,18.0,0.0,0.0,0.0,0.0,0.0,0.0,0.0,1428.0,0.0,0.0,357.0,182.0
Stephen Henderson,Crystal-Palace,Goalkeeper,Ireland,32.0,0.0,0.0,0.0,0.0,0.0,0.0,0.0,0.0,0.0,0.0,0.0,0.0,0.0,0.0,0.0
Nathan Ferguson,Crystal-Palace,Defender,England,19.0,0.0,0.0,0.0,0.0,0.0,0.0,0.0,0.0,0.0,0.0,0.0,0.0,0.0,0.0,0.0
Joel Ward,Crystal-Palace,Defender,England,30.0,4.0,0.0,45.0,483.0,25.0,368.0,796.0,1218.0,406.0,5.0,6449.0,9.0,3.0,356.0,0.0
Patrick van Aanholt,Crystal-Palace,Defender,Netherlands,30.0,20.0,0.0,40.0,350.0,51.0,326.0,439.0,680.0,69.0,14.0,6833.0,25.0,14.0,290.0,0.0
James Tomkins,Crystal-Palace,Defender,England,31.0,12.0,0.0,58.0,447.0,26.0,443.0,2029.0,1442.0,823.0,7.0,8210.0,8.0,4.0,752.0,0.0
Scott Dann,Crystal-Palace,Defender,England,33.0,15.0,0.0,48.0,291.0,29.0,343.0,1536.0,1016.0,612.0,11.0,6399.0,11.0,4.0,665.0,0.0
Mamadou Sakho,Crystal-Palace,Defender,France,30.0,3.0,0.0,32.0,144.0,4.0,200.0,697.0,534.0,298.0,2.0,5917.0,2.0,2.0,280.0,0.0
Gary Cahill,Crystal-Palace,Defender,England,34.0,27.0,0.0,99.0,471.0,63.0,452.0,2849.0,1946.0,1157.0,10.0,12718.0,8.0,6.0,847.0,0.0
Martin Kelly,Crystal-Palace,Defender,England,30.0,0.0,0.0,29.0,335.0,8.0,153.0,641.0,646.0,240.0,5.0,3820.0,2.0,2.0,202.0,0.0
Tyrick Mitchell,Crystal-Palace,Defender,England,21.0,0.0,0.0,1.0,15.0,0.0,3.0,5.0,19.0,0.0,0.0,132.0,0.0,0.0,6.0,0.0
Jaroslaw Jach,Crystal-Palace,Defender,Poland,26.0,0.0,0.0,0.0,0.0,0.0,0.0,0.0,0.0,0.0,0.0,0.0,0.0,0.0,0.0,0.0
Sam Woods,Crystal-Palace,Defender,England,22.0,0.0,0.0,0.0,0.0,0.0,0.0,0.0,0.0,0.0,0.0,0.0,0.0,0.0,0.0,0.0
Ryan Inniss,Crystal-Palace,Defender,England,25.0,0.0,0.0,0.0,0.0,0.0,0.0,0.0,0.0,0.0,0.0,0.0,0.0,0.0,0.0,0.0
Luka Milivojevic,Crystal-Palace,Midfielder,Serbia,29.0,27.0,55.0,0.0,264.0,41.0,227.0,202.0,597.0,167.0,4.0,5573.0,8.0,9.0,394.0,0.0
Max Meyer,Crystal-Palace,Midfielder,Germany,25.0,1.0,10.0,0.0,52.0,14.0,22.0,20.0,111.0,6.0,2.0,864.0,0.0,0.0,19.0,0.0
Cheikhou Kouyaté,Crystal-Palace,Midfielder,Senegal,30.0,13.0,54.0,0.0,446.0,33.0,310.0,412.0,1311.0,547.0,10.0,5799.0,3.0,8.0,176.0,0.0
Andros Townsend,Crystal-Palace,Midfielder,England,29.0,22.0,103.0,0.0,353.0,112.0,177.0,82.0,1025.0,19.0,22.0,4717.0,40.0,12.0,111.0,0.0
Jeffrey Schlupp,Crystal-Palace,Midfielder,Ghana,27.0,11.0,0.0,17.0,278.0,43.0,177.0,217.0,773.0,211.0,8.0,3156.0,10.0,4.0,163.0,0.0
James McArthur,Crystal-Palace,Midfielder,Scotland,32.0,23.0,64.0,0.0,613.0,68.0,398.0,312.0,1304.0,314.0,18.0,10076.0,21.0,32.0,570.0,0.0
James McCarthy,Crystal-Palace,Midfielder,Ireland,29.0,13.0,47.0,0.0,674.0,65.0,421.0,366.0,1190.0,148.0,12.0,10840.0,8.0,23.0,835.0,0.0
Jairo Riedewald,Crystal-Palace,Midfielder,Netherlands,24.0,0.0,0.0,0.0,25.0,2.0,29.0,31.0,45.0,7.0,0.0,484.0,0.0,1.0,29.0,0.0
Eberechi Eze,Crystal-Palace,Midfielder,England,22.0,0.0,0.0,0.0,2.0,0.0,0.0,0.0,4.0,0.0,0.0,14.0,0.0,0.0,0.0,0.0
Nya Kirby,Crystal-Palace,Midfielder,England,20.0,0.0,0.0,0.0,0.0,0.0,0.0,0.0,0.0,0.0,0.0,0.0,0.0,0.0,0.0,0.0
Jordan Ayew,Crystal-Palace,Forward,Ghana,29.0,25.0,78.0,0.0,226.0,73.0,76.0,55.0,0.0,0.0,9.0,2968.0,12.0,0.0,0.0,0.0
Wilfried Zaha,Crystal-Palace,Forward,Cote D'Ivoire,27.0,39.0,119.0,0.0,294.0,106.0,123.0,32.0,0.0,0.0,24.0,4555.0,36.0,0.0,0.0,0.0
Christian Benteke,Crystal-Palace,Forward,Belgium,29.0,72.0,208.0,0.0,80.0,117.0,26.0,214.0,0.0,0.0,20.0,5666.0,31.0,0.0,0.0,0.0
Connor Wickham,Crystal-Palace,Forward,England,27.0,19.0,59.0,0.0,93.0,56.0,53.0,109.0,0.0,0.0,7.0,2003.0,5.0,0.0,0.0,0.0
Brandon Pierrick,Crystal-Palace,Forward,England,18.0,0.0,0.0,0.0,0.0,0.0,0.0,1.0,0.0,0.0,0.0,7.0,0.0,0.0,0.0,0.0
Michy Batshuayi,Crystal-Palace,Forward,Belgium,26.0,13.0,25.0,0.0,13.0,22.0,7.0,6.0,0.0,0.0,3.0,421.0,0.0,0.0,0.0,0.0
Jordan Pickford,Everton,Goalkeeper,England,26.0,0.0,0.0,38.0,0.0,0.0,0.0,0.0,0.0,0.0,0.0,4553.0,0.0,0.0,1273.0,462.0
João Virgínia,Everton,Goalkeeper,Portugal,20.0,0.0,0.0,0.0,0.0,0.0,0.0,0.0,0.0,0.0,0.0,0.0,0.0,0.0,0.0,0.0
Jonas Lössl,Everton,Goalkeeper,Denmark,31.0,0.0,0.0,14.0,0.0,0.0,0.0,0.0,0.0,0.0,2.0,2290.0,0.0,0.0,746.0,191.0
Mason Holgate,Everton,Defender,England,23.0,0.0,0.0,14.0,113.0,3.0,81.0,274.0,319.0,124.0,4.0,2429.0,7.0,2.0,218.0,0.0
Michael Keane,Everton,Defender,England,27.0,6.0,0.0,40.0,157.0,17.0,249.0,978.0,899.0,685.0,5.0,6162.0,7.0,3.0,479.0,0.0
Lucas Digne,Everton,Defender,France,27.0,4.0,0.0,20.0,150.0,29.0,104.0,195.0,452.0,209.0,12.0,2961.0,21.0,2.0,130.0,0.0
Yerry Mina,Everton,Defender,Colombia,26.0,3.0,0.0,8.0,54.0,7.0,41.0,156.0,229.0,153.0,1.0,2052.0,2.0,1.0,149.0,0.0
Séamus Coleman,Everton,Defender,Ireland,31.0,20.0,0.0,78.0,480.0,48.0,296.0,542.0,1308.0,195.0,21.0,8930.0,36.0,12.0,342.0,0.0
Jarrad Branthwaite,Everton,Defender,England,18.0,0.0,0.0,1.0,8.0,0.0,2.0,11.0,20.0,9.0,0.0,223.0,0.0,0.0,13.0,0.0
Jonjoe Kenny,Everton,Defender,England,23.0,0.0,0.0,6.0,64.0,2.0,46.0,107.0,142.0,62.0,2.0,1045.0,3.0,0.0,68.0,0.0
Niels Nkounkou,Everton,Defender,France,19.0,0.0,0.0,0.0,0.0,0.0,0.0,0.0,0.0,0.0,0.0,0.0,0.0,0.0,0.0,0.0
Fabian Delph,Everton,Midfielder,England,30.0,7.0,36.0,0.0,395.0,36.0,283.0,213.0,987.0,130.0,8.0,8857.0,7.0,13.0,508.0,0.0
Gylfi Sigurdsson,Everton,Midfielder,Iceland,31.0,61.0,221.0,0.0,348.0,203.0,283.0,163.0,863.0,88.0,45.0,7752.0,68.0,95.0,204.0,0.0
André Gomes,Everton,Midfielder,Portugal,27.0,1.0,5.0,0.0,64.0,6.0,27.0,25.0,229.0,56.0,2.0,2169.0,2.0,4.0,187.0,0.0
Jean-Philippe Gbamin,Everton,Midfielder,Cote D'Ivoire,24.0,0.0,0.0,0.0,4.0,0.0,1.0,4.0,11.0,3.0,0.0,70.0,0.0,0.0,2.0,0.0
Tom Davies,Everton,Midfielder,England,22.0,5.0,15.0,0.0,132.0,25.0,100.0,63.0,417.0,72.0,4.0,2909.0,5.0,9.0,135.0,0.0
Beni Baningime,Everton,Midfielder,The Democratic Republic Of Congo,22.0,0.0,0.0,0.0,6.0,0.0,2.0,1.0,9.0,1.0,0.0,82.0,0.0,0.0,3.0,0.0
Allan,Everton,Midfielder,Brazil,29.0,0.0,1.0,0.0,9.0,0.0,3.0,3.0,16.0,1.0,0.0,140.0,0.0,0.0,7.0,0.0
James Rodríguez,Everton,Midfielder,Colombia,29.0,1.0,1.0,0.0,3.0,1.0,3.0,0.0,12.0,1.0,1.0,109.0,2.0,3.0,18.0,0.0
Abdoulaye Doucouré,Everton,Midfielder,France,27.0,17.0,54.0,0.0,235.0,56.0,143.0,163.0,576.0,154.0,11.0,6811.0,15.0,7.0,213.0,0.0
Muhamed Besic,Everton,Midfielder,Bosnia And Herzegovina,28.0,0.0,7.0,0.0,93.0,7.0,34.0,56.0,186.0,21.0,0.0,1339.0,2.0,3.0,116.0,0.0
Sandro Ramírez,Everton,Forward,Spain,25.0,0.0,1.0,0.0,2.0,3.0,1.0,0.0,0.0,0.0,0.0,82.0,0.0,0.0,0.0,0.0
Yannick Bolasie,Everton,Forward,The Democratic Republic Of Congo,31.0,11.0,72.0,0.0,151.0,55.0,48.0,107.0,0.0,0.0,17.0,2124.0,25.0,0.0,0.0,0.0
Richarlison,Everton,Forward,Brazil,23.0,31.0,85.0,0.0,190.0,80.0,53.0,109.0,0.0,0.0,10.0,2452.0,22.0,0.0,0.0,0.0
Dominic Calvert-Lewin,Everton,Forward,England,23.0,28.0,77.0,0.0,42.0,37.0,29.0,85.0,0.0,0.0,9.0,1588.0,9.0,0.0,0.0,0.0
Theo Walcott,Everton,Forward,England,31.0,75.0,267.0,0.0,214.0,141.0,149.0,81.0,0.0,0.0,51.0,5491.0,61.0,0.0,0.0,0.0
Cenk Tosun,Everton,Forward,Turkey,29.0,10.0,30.0,0.0,23.0,12.0,6.0,16.0,0.0,0.0,3.0,619.0,4.0,0.0,0.0,0.0
Alex Iwobi,Everton,Forward,Nigeria,24.0,12.0,65.0,0.0,99.0,46.0,44.0,33.0,0.0,0.0,16.0,3921.0,23.0,0.0,0.0,0.0
Bernard,Everton,Forward,Brazil,28.0,4.0,10.0,0.0,81.0,14.0,43.0,19.0,0.0,0.0,5.0,1346.0,7.0,0.0,0.0,0.0
Moise Kean,Everton,Forward,Italy,20.0,2.0,13.0,0.0,6.0,5.0,5.0,1.0,0.0,0.0,2.0,131.0,5.0,0.0,0.0,0.0
Anthony Gordon,Everton,Forward,England,19.0,0.0,1.0,0.0,11.0,2.0,8.0,1.0,0.0,0.0,1.0,113.0,0.0,0.0,0.0,0.0
Marek Rodák,Fulham,Goalkeeper,Slovakia,23.0,0.0,0.0,0.0,0.0,0.0,0.0,0.0,0.0,0.0,0.0,25.0,0.0,0.0,8.0,2.0
Fabri,Fulham,Goalkeeper,Spain,32.0,0.0,0.0,0.0,0.0,0.0,0.0,0.0,0.0,0.0,0.0,47.0,0.0,0.0,16.0,16.0
Alphonse Areola,Fulham,Goalkeeper,France,27.0,0.0,0.0,0.0,0.0,0.0,0.0,0.0,0.0,0.0,0.0,29.0,0.0,0.0,4.0,3.0
Michael Hector,Fulham,Defender,Jamaica,28.0,0.0,0.0,0.0,3.0,1.0,0.0,4.0,10.0,3.0,0.0,127.0,0.0,0.0,12.0,0.0
Denis Odoi,Fulham,Defender,Belgium,32.0,0.0,0.0,3.0,49.0,1.0,45.0,147.0,156.0,57.0,1.0,1434.0,1.0,2.0,72.0,0.0
Tim Ream,Fulham,Defender,United States,32.0,0.0,0.0,5.0,42.0,0.0,65.0,197.0,126.0,66.0,1.0,1517.0,1.0,0.0,73.0,0.0
Maxime Le Marchand,Fulham,Defender,France,30.0,0.0,0.0,3.0,56.0,3.0,54.0,122.0,129.0,56.0,1.0,1386.0,1.0,1.0,91.0,0.0
Joe Bryan,Fulham,Defender,England,27.0,0.0,0.0,5.0,66.0,7.0,37.0,74.0,147.0,32.0,1.0,1036.0,8.0,1.0,54.0,0.0
Antonee Robinson,Fulham,Defender,United States,23.0,0.0,0.0,0.0,0.0,0.0,0.0,0.0,0.0,0.0,0.0,0.0,0.0,0.0,0.0,0.0
Kenny Tete,Fulham,Defender,Netherlands,24.0,0.0,0.0,0.0,3.0,0.0,4.0,3.0,6.0,3.0,1.0,27.0,1.0,0.0,0.0,0.0
Ola Aina,Fulham,Defender,Nigeria,23.0,0.0,0.0,0.0,0.0,0.0,0.0,1.0,1.0,0.0,0.0,16.0,0.0,0.0,0.0,0.0
Jean Michael Seri,Fulham,Midfielder,Cote D'Ivoire,29.0,1.0,6.0,0.0,41.0,7.0,32.0,14.0,93.0,14.0,2.0,1592.0,7.0,2.0,98.0,0.0
Kevin McDonald,Fulham,Midfielder,Scotland,31.0,1.0,3.0,0.0,60.0,7.0,43.0,37.0,117.0,28.0,1.0,1285.0,0.0,8.0,115.0,0.0
Neeskens Kebano,Fulham,Midfielder,The Democratic Republic Of Congo,28.0,0.0,0.0,0.0,3.0,1.0,0.0,3.0,16.0,4.0,0.0,57.0,0.0,0.0,0.0,0.0
Stefan Johansen,Fulham,Midfielder,Norway,29.0,0.0,0.0,0.0,10.0,0.0,3.0,5.0,17.0,3.0,0.0,250.0,0.0,0.0,13.0,0.0
Tom Cairney,Fulham,Midfielder,Scotland,29.0,2.0,7.0,0.0,57.0,11.0,32.0,22.0,187.0,21.0,1.0,1882.0,4.0,9.0,104.0,0.0
Josh Onomah,Fulham,Midfielder,England,23.0,0.0,2.0,0.0,10.0,1.0,1.0,2.0,17.0,3.0,0.0,109.0,0.0,0.0,0.0,0.0
André-Frank Zambo Anguissa,Fulham,Midfielder,Cameroon,24.0,0.0,5.0,0.0,54.0,10.0,37.0,30.0,148.0,24.0,1.0,1113.0,1.0,0.0,38.0,0.0
Mario Lemina,Fulham,Midfielder,Gabon,27.0,2.0,10.0,0.0,105.0,12.0,80.0,63.0,278.0,55.0,2.0,1787.0,3.0,9.0,87.0,0.0
Harrison Reed,Fulham,Midfielder,England,25.0,0.0,3.0,0.0,36.0,1.0,26.0,14.0,60.0,7.0,0.0,419.0,0.0,0.0,14.0,0.0
Tyrese Francois,Fulham,Midfielder,Australia,20.0,0.0,0.0,0.0,0.0,0.0,0.0,0.0,0.0,0.0,0.0,0.0,0.0,0.0,0.0,0.0
Aleksandar Mitrovic,Fulham,Forward,Serbia,26.0,23.0,85.0,0.0,44.0,46.0,13.0,88.0,0.0,0.0,7.0,1841.0,6.0,0.0,0.0,0.0
Bobby De Cordova-Reid,Fulham,Forward,Jamaica,27.0,6.0,10.0,0.0,17.0,8.0,3.0,12.0,0.0,0.0,2.0,324.0,1.0,0.0,0.0,0.0
Ivan Cavaleiro,Fulham,Forward,Portugal,26.0,3.0,4.0,0.0,6.0,2.0,7.0,5.0,0.0,0.0,1.0,357.0,2.0,0.0,0.0,0.0
Aboubakar Kamara,Fulham,Forward,France,25.0,3.0,10.0,0.0,8.0,0.0,1.0,5.0,0.0,0.0,0.0,262.0,1.0,0.0,0.0,0.0
Kiko Casilla,Leeds-United,Goalkeeper,Spain,33.0,0.0,0.0,0.0,0.0,0.0,0.0,0.0,0.0,0.0,0.0,0.0,0.0,0.0,0.0,0.0
Elia Caprile,Leeds-United,Goalkeeper,Italy,19.0,0.0,0.0,0.0,0.0,0.0,0.0,0.0,0.0,0.0,0.0,0.0,0.0,0.0,0.0,0.0
Luke Ayling,Leeds-United,Defender,England,29.0,0.0,0.0,0.0,10.0,0.0,0.0,4.0,17.0,1.0,0.0,108.0,0.0,1.0,9.0,0.0
Barry Douglas,Leeds-United,Defender,Scotland,31.0,0.0,0.0,0.0,0.0,0.0,0.0,0.0,0.0,0.0,0.0,0.0,0.0,0.0,0.0,0.0
Liam Cooper,Leeds-United,Defender,Scotland,29.0,0.0,0.0,0.0,3.0,0.0,6.0,23.0,14.0,7.0,0.0,70.0,0.0,0.0,8.0,0.0
Pascal Struijk,Leeds-United,Defender,Netherlands,21.0,0.0,0.0,0.0,4.0,0.0,3.0,11.0,5.0,1.0,0.0,59.0,0.0,0.0,8.0,0.0
Leif Davis,Leeds-United,Defender,England,20.0,0.0,0.0,0.0,0.0,0.0,0.0,0.0,0.0,0.0,0.0,0.0,0.0,0.0,0.0,0.0
Robin Koch,Leeds-United,Defender,Germany,24.0,0.0,0.0,0.0,5.0,1.0,2.0,5.0,17.0,10.0,0.0,107.0,0.0,0.0,4.0,0.0
Oliver Casey,Leeds-United,Defender,England,19.0,0.0,0.0,0.0,0.0,0.0,0.0,0.0,0.0,0.0,0.0,0.0,0.0,0.0,0.0,0.0
Charlie Cresswell,Leeds-United,Defender,England,17.0,0.0,0.0,0.0,0.0,0.0,0.0,0.0,0.0,0.0,0.0,0.0,0.0,0.0,0.0,0.0
Robbie Gotts,Leeds-United,Defender,England,20.0,0.0,0.0,0.0,0.0,0.0,0.0,0.0,0.0,0.0,0.0,0.0,0.0,0.0,0.0,0.0
Adam Forshaw,Leeds-United,Midfielder,England,28.0,0.0,6.0,0.0,62.0,9.0,36.0,23.0,133.0,17.0,1.0,1355.0,3.0,8.0,99.0,0.0
Ezgjan Alioski,Leeds-United,Midfielder,none,,0.0,1.0,0.0,1.0,0.0,1.0,0.0,2.0,0.0,0.0,11.0,0.0,0.0,0.0,0.0
Stuart Dallas,Leeds-United,Midfielder,Northern Ireland,29.0,0.0,0.0,0.0,12.0,0.0,4.0,7.0,19.0,1.0,0.0,101.0,0.0,1.0,7.0,0.0
Pablo Hernández,Leeds-United,Midfielder,Spain,35.0,5.0,21.0,0.0,56.0,23.0,54.0,26.0,159.0,6.0,13.0,2341.0,12.0,24.0,135.0,0.0
Kalvin Phillips,Leeds-United,Midfielder,England,24.0,0.0,0.0,0.0,8.0,0.0,4.0,6.0,12.0,2.0,1.0,92.0,0.0,0.0,7.0,0.0
Mateusz Klich,Leeds-United,Midfielder,Poland,30.0,2.0,2.0,0.0,6.0,0.0,4.0,2.0,11.0,3.0,1.0,92.0,0.0,0.0,1.0,0.0
Jamie Shackleton,Leeds-United,Midfielder,England,20.0,0.0,0.0,0.0,1.0,0.0,0.0,0.0,2.0,0.0,0.0,3.0,0.0,0.0,0.0,0.0
Jack Harrison,Leeds-United,Midfielder,England,23.0,1.0,1.0,0.0,3.0,1.0,2.0,0.0,11.0,2.0,0.0,47.0,0.0,0.0,0.0,0.0
Alfie McCalmont,Leeds-United,Midfielder,Northern Ireland,20.0,0.0,0.0,0.0,0.0,0.0,0.0,0.0,0.0,0.0,0.0,0.0,0.0,0.0,0.0,0.0
Mateusz Bogusz,Leeds-United,Midfielder,Poland,19.0,0.0,0.0,0.0,0.0,0.0,0.0,0.0,0.0,0.0,0.0,0.0,0.0,0.0,0.0,0.0
Ian Poveda-Ocampo,Leeds-United,Forward,England,20.0,0.0,0.0,0.0,0.0,0.0,0.0,0.0,0.0,0.0,0.0,0.0,0.0,0.0,0.0,0.0
Patrick Bamford,Leeds-United,Forward,England,27.0,3.0,9.0,0.0,14.0,6.0,6.0,9.0,0.0,0.0,1.0,193.0,0.0,0.0,0.0,0.0
Tyler Roberts,Leeds-United,Forward,Wales,21.0,0.0,1.0,0.0,1.0,1.0,0.0,0.0,0.0,0.0,0.0,33.0,0.0,0.0,0.0,0.0
Joe Gelhardt,Leeds-United,Forward,England,18.0,0.0,0.0,0.0,0.0,0.0,0.0,0.0,0.0,0.0,0.0,0.0,0.0,0.0,0.0,0.0
Rodrigo Moreno,Leeds-United,Forward,Spain,29.0,1.0,5.0,0.0,15.0,6.0,12.0,5.0,0.0,0.0,1.0,190.0,5.0,0.0,0.0,0.0
Kasper Schmeichel,Leicester-City,Goalkeeper,Denmark,33.0,0.0,0.0,65.0,0.0,0.0,0.0,0.0,0.0,0.0,0.0,6198.0,0.0,0.0,1880.0,599.0
Danny Ward,Leicester-City,Goalkeeper,Wales,27.0,0.0,0.0,0.0,0.0,0.0,0.0,0.0,0.0,0.0,0.0,49.0,0.0,0.0,8.0,9.0
Eldin Jakupovic,Leicester-City,Goalkeeper,Switzerland,35.0,0.0,0.0,6.0,0.0,0.0,0.0,0.0,0.0,0.0,0.0,769.0,0.0,0.0,202.0,94.0
James Justin,Leicester-City,Defender,England,22.0,1.0,0.0,5.0,39.0,2.0,15.0,28.0,96.0,24.0,1.0,792.0,1.0,0.0,24.0,0.0
Çaglar Söyüncü,Leicester-City,Defender,Turkey,24.0,1.0,0.0,13.0,69.0,2.0,52.0,180.0,237.0,130.0,1.0,2696.0,1.0,0.0,124.0,0.0
Wes Morgan,Leicester-City,Defender,Jamaica,36.0,8.0,0.0,41.0,200.0,22.0,313.0,879.0,797.0,503.0,2.0,4435.0,1.0,2.0,220.0,0.0
Jonny Evans,Leicester-City,Defender,Northern Ireland,32.0,11.0,0.0,82.0,457.0,22.0,585.0,1843.0,1417.0,641.0,9.0,13240.0,5.0,9.0,1004.0,0.0
Filip Benkovic,Leicester-City,Defender,Croatia,23.0,0.0,0.0,0.0,0.0,0.0,0.0,0.0,0.0,0.0,0.0,0.0,0.0,0.0,0.0,0.0
Daniel Amartey,Leicester-City,Defender,Ghana,25.0,1.0,0.0,8.0,68.0,3.0,50.0,76.0,153.0,59.0,1.0,1469.0,0.0,0.0,72.0,0.0
Ricardo Pereira,Leicester-City,Defender,Portugal,26.0,5.0,0.0,20.0,237.0,13.0,109.0,180.0,557.0,108.0,8.0,3104.0,15.0,7.0,102.0,0.0
Christian Fuchs,Leicester-City,Defender,Austria,34.0,2.0,0.0,29.0,255.0,16.0,248.0,365.0,513.0,201.0,9.0,4051.0,11.0,5.0,276.0,0.0
Luke Thomas,Leicester-City,Defender,England,19.0,0.0,0.0,1.0,1.0,0.0,3.0,7.0,12.0,5.0,1.0,153.0,0.0,0.0,6.0,0.0
Timothy Castagne,Leicester-City,Defender,Belgium,24.0,1.0,0.0,1.0,4.0,0.0,3.0,3.0,11.0,6.0,1.0,128.0,0.0,0.0,1.0,0.0
Demarai Gray,Leicester-City,Midfielder,England,24.0,10.0,47.0,0.0,76.0,45.0,39.0,39.0,311.0,24.0,9.0,1920.0,13.0,10.0,73.0,0.0
Youri Tielemans,Leicester-City,Midfielder,Belgium,23.0,6.0,27.0,0.0,71.0,28.0,32.0,23.0,218.0,39.0,10.0,2594.0,14.0,24.0,152.0,0.0
James Maddison,Leicester-City,Midfielder,England,23.0,13.0,46.0,0.0,107.0,54.0,21.0,10.0,394.0,18.0,10.0,2913.0,21.0,41.0,152.0,0.0
Marc Albrighton,Leicester-City,Midfielder,England,30.0,17.0,70.0,0.0,425.0,75.0,261.0,169.0,962.0,69.0,37.0,5597.0,60.0,33.0,363.0,0.0
Harvey Barnes,Leicester-City,Midfielder,England,22.0,8.0,43.0,0.0,28.0,32.0,11.0,9.0,180.0,37.0,11.0,1083.0,9.0,8.0,19.0,0.0
Hamza Choudhury,Leicester-City,Midfielder,England,22.0,1.0,4.0,0.0,50.0,6.0,47.0,28.0,86.0,17.0,2.0,900.0,2.0,1.0,41.0,0.0
Matty James,Leicester-City,Midfielder,England,29.0,0.0,8.0,0.0,61.0,14.0,67.0,62.0,172.0,62.0,1.0,1260.0,3.0,2.0,57.0,0.0
Adrien Silva,Leicester-City,Midfielder,Portugal,31.0,0.0,2.0,0.0,24.0,5.0,15.0,1.0,52.0,11.0,1.0,512.0,1.0,3.0,26.0,0.0
Wilfred Ndidi,Leicester-City,Midfielder,Nigeria,23.0,6.0,24.0,0.0,482.0,42.0,253.0,297.0,1066.0,398.0,5.0,6181.0,3.0,15.0,284.0,0.0
Dennis Praet,Leicester-City,Midfielder,Belgium,26.0,2.0,5.0,0.0,37.0,10.0,20.0,12.0,72.0,7.0,3.0,604.0,4.0,2.0,21.0,0.0
Rachid Ghezzal,Leicester-City,Midfielder,Algeria,28.0,1.0,5.0,0.0,14.0,10.0,7.0,3.0,0.0,0.0,0.0,422.0,3.0,0.0,0.0,0.0
Nampalys Mendy,Leicester-City,Midfielder,France,28.0,0.0,1.0,0.0,45.0,1.0,37.0,30.0,141.0,17.0,0.0,1559.0,0.0,2.0,66.0,0.0
Cengiz Ünder,Leicester-City,Midfielder,Turkey,23.0,0.0,0.0,0.0,0.0,0.0,0.0,0.0,0.0,0.0,0.0,0.0,0.0,0.0,0.0,0.0
Jamie Vardy,Leicester-City,Forward,England,33.0,105.0,223.0,0.0,124.0,82.0,59.0,90.0,0.0,0.0,29.0,2961.0,50.0,0.0,0.0,0.0
Islam Slimani,Leicester-City,Forward,Algeria,32.0,8.0,17.0,0.0,14.0,5.0,4.0,6.0,0.0,0.0,5.0,580.0,2.0,0.0,0.0,0.0
Kelechi Iheanacho,Leicester-City,Forward,Nigeria,23.0,21.0,56.0,0.0,38.0,39.0,11.0,21.0,0.0,0.0,13.0,1327.0,15.0,0.0,0.0,0.0
Ayoze Pérez,Leicester-City,Forward,Spain,27.0,41.0,114.0,0.0,240.0,60.0,137.0,96.0,0.0,0.0,13.0,3435.0,26.0,0.0,0.0,0.0
Fousseni Diabaté,Leicester-City,Forward,Mali,24.0,0.0,2.0,0.0,11.0,0.0,8.0,7.0,57.0,15.0,1.0,241.0,0.0,1.0,4.0,0.0
Loris Karius,Liverpool,Goalkeeper,Germany,27.0,0.0,0.0,13.0,0.0,0.0,0.0,0.0,0.0,0.0,0.0,789.0,0.0,0.0,124.0,51.0
Alisson,Liverpool,Goalkeeper,Brazil,27.0,0.0,0.0,35.0,0.0,0.0,0.0,0.0,0.0,0.0,1.0,1924.0,0.0,0.0,302.0,137.0
Adrián,Liverpool,Goalkeeper,Spain,33.0,0.0,0.0,37.0,0.0,0.0,0.0,0.0,0.0,0.0,0.0,3401.0,0.0,0.0,1086.0,454.0
Caoimhin Kelleher,Liverpool,Goalkeeper,Ireland,21.0,0.0,0.0,0.0,0.0,0.0,0.0,0.0,0.0,0.0,0.0,0.0,0.0,0.0,0.0,0.0
Kamil Grabara,Liverpool,Goalkeeper,Poland,21.0,0.0,0.0,0.0,0.0,0.0,0.0,0.0,0.0,0.0,0.0,0.0,0.0,0.0,0.0,0.0
Virgil van Dijk,Liverpool,Defender,Netherlands,29.0,14.0,0.0,61.0,184.0,27.0,278.0,924.0,1083.0,776.0,3.0,10554.0,13.0,11.0,737.0,0.0
Joseph Gomez,Liverpool,Defender,England,23.0,0.0,0.0,31.0,111.0,4.0,100.0,166.0,322.0,140.0,3.0,4387.0,2.0,2.0,196.0,0.0
Andrew Robertson,Liverpool,Defender,Scotland,26.0,4.0,0.0,44.0,270.0,19.0,191.0,282.0,522.0,92.0,33.0,8312.0,40.0,8.0,324.0,0.0
Joel Matip,Liverpool,Defender,Cameroon,29.0,4.0,0.0,29.0,134.0,10.0,125.0,362.0,428.0,233.0,0.0,5249.0,2.0,6.0,258.0,0.0
Trent Alexander-Arnold,Liverpool,Defender,England,21.0,6.0,0.0,31.0,158.0,27.0,114.0,184.0,264.0,31.0,26.0,5323.0,32.0,11.0,394.0,0.0
Neco Williams,Liverpool,Defender,Wales,19.0,0.0,0.0,0.0,5.0,5.0,9.0,3.0,19.0,6.0,0.0,167.0,0.0,1.0,11.0,0.0
Konstantinos Tsimikas,Liverpool,Defender,Greece,24.0,0.0,0.0,0.0,0.0,0.0,0.0,0.0,0.0,0.0,0.0,0.0,0.0,0.0,0.0,0.0
Nathaniel Phillips,Liverpool,Defender,England,23.0,0.0,0.0,0.0,0.0,0.0,0.0,0.0,0.0,0.0,0.0,0.0,0.0,0.0,0.0,0.0
Sepp van den Berg,Liverpool,Defender,Netherlands,18.0,0.0,0.0,0.0,0.0,0.0,0.0,0.0,0.0,0.0,0.0,0.0,0.0,0.0,0.0,0.0
Fabinho,Liverpool,Midfielder,Brazil,26.0,3.0,8.0,0.0,126.0,11.0,67.0,43.0,293.0,99.0,5.0,3291.0,4.0,5.0,157.0,0.0
Georginio Wijnaldum,Liverpool,Midfielder,Netherlands,29.0,25.0,86.0,0.0,200.0,55.0,117.0,124.0,696.0,142.0,16.0,7603.0,15.0,13.0,240.0,0.0
James Milner,Liverpool,Midfielder,England,34.0,55.0,151.0,0.0,803.0,174.0,437.0,423.0,1843.0,337.0,84.0,16171.0,46.0,110.0,882.0,0.0
Naby Keita,Liverpool,Midfielder,Guinea,25.0,4.0,17.0,0.0,69.0,11.0,25.0,17.0,164.0,20.0,4.0,1760.0,6.0,12.0,32.0,0.0
Jordan Henderson,Liverpool,Midfielder,England,30.0,30.0,99.0,0.0,673.0,98.0,437.0,336.0,1182.0,243.0,46.0,17932.0,49.0,129.0,1188.0,0.0
Alex Oxlade-Chamberlain,Liverpool,Midfielder,England,27.0,16.0,65.0,0.0,188.0,87.0,133.0,75.0,707.0,76.0,22.0,4570.0,27.0,53.0,250.0,0.0
Marko Grujic,Liverpool,Midfielder,Serbia,24.0,0.0,2.0,0.0,3.0,0.0,0.0,0.0,12.0,5.0,0.0,47.0,0.0,0.0,0.0,0.0
Curtis Jones,Liverpool,Midfielder,England,19.0,1.0,2.0,0.0,4.0,1.0,2.0,0.0,9.0,2.0,0.0,143.0,0.0,0.0,3.0,0.0
Harry Wilson,Liverpool,Midfielder,Wales,23.0,7.0,20.0,0.0,23.0,25.0,11.0,11.0,87.0,6.0,0.0,575.0,4.0,6.0,42.0,0.0
Harvey Elliott,Liverpool,Midfielder,England,17.0,0.0,1.0,0.0,0.0,0.0,0.0,0.0,1.0,0.0,0.0,22.0,0.0,0.0,1.0,0.0
Xherdan Shaqiri,Liverpool,Midfielder,Switzerland,28.0,22.0,64.0,0.0,70.0,50.0,43.0,15.0,330.0,16.0,18.0,3039.0,32.0,55.0,175.0,0.0
Thiago,Liverpool,Midfielder,Spain,29.0,0.0,0.0,0.0,1.0,0.0,1.0,0.0,2.0,1.0,0.0,82.0,0.0,0.0,10.0,0.0
Roberto Firmino,Liverpool,Forward,Brazil,28.0,57.0,182.0,0.0,259.0,121.0,73.0,61.0,0.0,0.0,36.0,6222.0,50.0,0.0,0.0,0.0
Sadio Mané,Liverpool,Forward,Senegal,28.0,86.0,190.0,0.0,226.0,92.0,97.0,53.0,0.0,0.0,29.0,6136.0,43.0,0.0,0.0,0.0
Mohamed Salah,Liverpool,Forward,Egypt,28.0,78.0,201.0,0.0,58.0,114.0,25.0,11.0,0.0,0.0,29.0,3357.0,41.0,0.0,0.0,0.0
Takumi Minamino,Liverpool,Forward,Japan,25.0,0.0,2.0,0.0,3.0,3.0,0.0,3.0,0.0,0.0,0.0,107.0,0.0,0.0,0.0,0.0
Rhian Brewster,Liverpool,Forward,England,20.0,0.0,0.0,0.0,0.0,0.0,0.0,0.0,0.0,0.0,0.0,0.0,0.0,0.0,0.0,0.0
Divock Origi,Liverpool,Forward,Belgium,25.0,19.0,39.0,0.0,34.0,22.0,7.0,9.0,0.0,0.0,6.0,861.0,3.0,0.0,0.0,0.0
Ben Woodburn,Liverpool,Forward,Wales,20.0,0.0,0.0,0.0,4.0,2.0,0.0,0.0,7.0,1.0,0.0,40.0,0.0,0.0,0.0,0.0
Diogo Jota,Liverpool,Forward,Portugal,23.0,16.0,50.0,0.0,56.0,35.0,22.0,20.0,0.0,0.0,6.0,1585.0,13.0,0.0,0.0,0.0
Ederson,Manchester-City,Goalkeeper,Brazil,27.0,0.0,0.0,52.0,0.0,0.0,0.0,0.0,0.0,0.0,1.0,2781.0,0.0,0.0,405.0,184.0
Scott Carson,Manchester-City,Goalkeeper,England,35.0,0.0,0.0,30.0,0.0,0.0,0.0,0.0,0.0,0.0,2.0,2722.0,0.0,0.0,832.0,433.0
Zack Steffen,Manchester-City,Goalkeeper,United States,25.0,0.0,0.0,0.0,0.0,0.0,0.0,0.0,0.0,0.0,0.0,0.0,0.0,0.0,0.0,0.0
Nathan Aké,Manchester-City,Defender,Netherlands,25.0,12.0,0.0,30.0,255.0,20.0,206.0,757.0,661.0,314.0,6.0,5634.0,9.0,3.0,260.0,0.0
Kyle Walker,Manchester-City,Defender,England,30.0,7.0,0.0,99.0,600.0,55.0,498.0,820.0,1510.0,446.0,29.0,15694.0,25.0,29.0,900.0,0.0
John Stones,Manchester-City,Defender,England,26.0,1.0,0.0,43.0,180.0,7.0,191.0,601.0,664.0,330.0,0.0,8950.0,5.0,2.0,587.0,0.0
Oleksandr Zinchenko,Manchester-City,Defender,Ukraine,23.0,0.0,6.0,0.0,88.0,11.0,43.0,42.0,173.0,66.0,3.0,3066.0,5.0,3.0,86.0,0.0
Aymeric Laporte,Manchester-City,Defender,France,26.0,4.0,0.0,25.0,63.0,7.0,70.0,147.0,226.0,127.0,3.0,4957.0,1.0,1.0,274.0,0.0
Benjamin Mendy,Manchester-City,Defender,France,26.0,0.0,0.0,11.0,40.0,11.0,35.0,43.0,104.0,28.0,8.0,1999.0,7.0,2.0,53.0,0.0
João Cancelo,Manchester-City,Defender,Portugal,26.0,0.0,0.0,5.0,40.0,3.0,21.0,16.0,104.0,19.0,0.0,1010.0,6.0,0.0,38.0,0.0
Nicolás Otamendi,Manchester-City,Defender,Argentina,32.0,8.0,0.0,49.0,269.0,21.0,286.0,649.0,766.0,388.0,1.0,9366.0,3.0,8.0,432.0,0.0
Eric García,Manchester-City,Defender,Spain,19.0,0.0,0.0,3.0,6.0,0.0,18.0,31.0,25.0,11.0,0.0,728.0,0.0,0.0,26.0,0.0
Patrick Roberts,Manchester-City,Midfielder,England,23.0,0.0,0.0,0.0,1.0,0.0,0.0,0.0,10.0,0.0,0.0,30.0,0.0,0.0,2.0,0.0
Ilkay Gündogan,Manchester-City,Midfielder,Germany,29.0,15.0,34.0,0.0,83.0,47.0,84.0,45.0,262.0,43.0,6.0,5854.0,12.0,36.0,224.0,0.0
Rodrigo,Manchester-City,Midfielder,Spain,24.0,3.0,9.0,0.0,53.0,4.0,27.0,32.0,177.0,59.0,2.0,2673.0,3.0,2.0,174.0,0.0
Kevin De Bruyne,Manchester-City,Midfielder,Belgium,29.0,37.0,133.0,0.0,214.0,97.0,88.0,59.0,633.0,64.0,67.0,8407.0,97.0,131.0,436.0,0.0
Bernardo Silva,Manchester-City,Midfielder,Portugal,26.0,19.0,51.0,0.0,115.0,50.0,59.0,46.0,334.0,30.0,18.0,4015.0,21.0,13.0,132.0,0.0
Fernandinho,Manchester-City,Midfielder,Brazil,35.0,18.0,63.0,0.0,549.0,50.0,353.0,415.0,1338.0,427.0,16.0,14806.0,24.0,75.0,650.0,0.0
Phil Foden,Manchester-City,Midfielder,England,20.0,7.0,22.0,0.0,25.0,11.0,10.0,4.0,99.0,13.0,3.0,819.0,3.0,7.0,21.0,0.0
Tommy Doyle,Manchester-City,Midfielder,England,18.0,0.0,1.0,0.0,0.0,0.0,0.0,0.0,1.0,0.0,0.0,20.0,0.0,0.0,0.0,0.0
Adrián Bernabé,Manchester-City,Midfielder,Spain,19.0,0.0,0.0,0.0,0.0,0.0,0.0,0.0,0.0,0.0,0.0,0.0,0.0,0.0,0.0,0.0
Ferran Torres,Manchester-City,Forward,Spain,20.0,0.0,0.0,0.0,0.0,0.0,0.0,0.0,0.0,0.0,0.0,1.0,0.0,0.0,0.0,0.0
Raheem Sterling,Manchester-City,Forward,England,25.0,86.0,222.0,0.0,256.0,155.0,125.0,52.0,0.0,0.0,45.0,8317.0,61.0,0.0,0.0,0.0
Gabriel Jesus,Manchester-City,Forward,Brazil,23.0,42.0,122.0,0.0,56.0,38.0,25.0,17.0,0.0,0.0,17.0,1830.0,16.0,0.0,0.0,0.0
Sergio Agüero,Manchester-City,Forward,Argentina,32.0,180.0,411.0,0.0,150.0,230.0,73.0,14.0,0.0,0.0,46.0,6134.0,59.0,0.0,0.0,0.0
Riyad Mahrez,Manchester-City,Forward,Algeria,29.0,57.0,185.0,0.0,211.0,125.0,141.0,50.0,0.0,0.0,40.0,6019.0,80.0,0.0,0.0,0.0
Liam Delap,Manchester-City,Forward,England,17.0,0.0,0.0,0.0,0.0,0.0,0.0,0.0,0.0,0.0,0.0,0.0,0.0,0.0,0.0,0.0
David de Gea,Manchester-United,Goalkeeper,Spain,29.0,0.0,0.0,113.0,0.0,0.0,0.0,0.0,0.0,0.0,0.0,7009.0,0.0,0.0,1943.0,870.0
Lee Grant,Manchester-United,Goalkeeper,England,37.0,0.0,0.0,9.0,0.0,0.0,0.0,0.0,0.0,0.0,0.0,959.0,0.0,0.0,365.0,99.0
Sergio Romero,Manchester-United,Goalkeeper,Argentina,33.0,0.0,0.0,6.0,0.0,0.0,0.0,0.0,0.0,0.0,0.0,181.0,0.0,0.0,54.0,20.0
Dean Henderson,Manchester-United,Goalkeeper,England,23.0,0.0,0.0,13.0,0.0,0.0,0.0,0.0,0.0,0.0,0.0,934.0,0.0,0.0,265.0,97.0
Victor Lindelöf,Manchester-United,Defender,Sweden,26.0,2.0,0.0,23.0,86.0,5.0,63.0,311.0,319.0,188.0,1.0,4419.0,5.0,3.0,172.0,0.0
Eric Bailly,Manchester-United,Defender,Cote D'Ivoire,26.0,1.0,0.0,21.0,92.0,3.0,102.0,226.0,229.0,75.0,0.0,1682.0,0.0,1.0,100.0,0.0
Phil Jones,Manchester-United,Defender,England,28.0,2.0,0.0,60.0,394.0,19.0,404.0,1073.0,1051.0,407.0,6.0,7835.0,11.0,13.0,485.0,0.0
Harry Maguire,Manchester-United,Defender,England,27.0,8.0,0.0,32.0,191.0,23.0,233.0,639.0,895.0,494.0,7.0,7325.0,9.0,6.0,646.0,0.0
Chris Smalling,Manchester-United,Defender,England,30.0,12.0,0.0,66.0,283.0,32.0,360.0,1287.0,1082.0,645.0,2.0,8092.0,3.0,7.0,517.0,0.0
Marcos Rojo,Manchester-United,Defender,Argentina,30.0,1.0,0.0,21.0,140.0,14.0,130.0,383.0,351.0,154.0,1.0,3503.0,1.0,2.0,238.0,0.0
Diogo Dalot,Manchester-United,Defender,Portugal,21.0,0.0,0.0,1.0,27.0,5.0,12.0,31.0,65.0,25.0,2.0,474.0,5.0,0.0,10.0,0.0
Luke Shaw,Manchester-United,Defender,England,25.0,1.0,0.0,43.0,275.0,31.0,167.0,464.0,821.0,261.0,7.0,6663.0,14.0,9.0,171.0,0.0
Timothy Fosu-Mensah,Manchester-United,Defender,Netherlands,22.0,0.0,0.0,5.0,80.0,5.0,65.0,110.0,151.0,31.0,1.0,1316.0,2.0,2.0,59.0,0.0
Aaron Wan-Bissaka,Manchester-United,Defender,England,22.0,0.0,0.0,25.0,287.0,7.0,165.0,221.0,529.0,76.0,7.0,3019.0,8.0,3.0,72.0,0.0
Axel Tuanzebe,Manchester-United,Defender,England,22.0,0.0,0.0,1.0,11.0,1.0,12.0,12.0,24.0,5.0,0.0,279.0,0.0,0.0,6.0,0.0
Brandon Williams,Manchester-United,Defender,England,20.0,1.0,0.0,4.0,21.0,1.0,16.0,14.0,62.0,10.0,0.0,551.0,0.0,1.0,16.0,0.0
Teden Mengi,Manchester-United,Defender,England,18.0,0.0,0.0,0.0,0.0,0.0,0.0,0.0,0.0,0.0,0.0,0.0,0.0,0.0,0.0,0.0
Paul Pogba,Manchester-United,Midfielder,France,27.0,25.0,110.0,0.0,157.0,81.0,83.0,116.0,824.0,224.0,26.0,7139.0,21.0,68.0,547.0,0.0
Juan Mata,Manchester-United,Midfielder,Spain,32.0,51.0,133.0,0.0,196.0,99.0,132.0,63.0,616.0,22.0,52.0,11379.0,68.0,89.0,641.0,0.0
Jesse Lingard,Manchester-United,Midfielder,England,27.0,18.0,69.0,0.0,130.0,53.0,52.0,34.0,358.0,19.0,10.0,3536.0,18.0,30.0,59.0,0.0
Andreas Pereira,Manchester-United,Midfielder,Brazil,24.0,2.0,16.0,0.0,34.0,14.0,20.0,12.0,101.0,13.0,4.0,1111.0,8.0,3.0,42.0,0.0
Fred,Manchester-United,Midfielder,Brazil,27.0,1.0,12.0,0.0,89.0,13.0,54.0,35.0,205.0,12.0,1.0,2437.0,4.0,6.0,170.0,0.0
Bruno Fernandes,Manchester-United,Midfielder,Portugal,26.0,8.0,19.0,0.0,24.0,9.0,11.0,14.0,57.0,3.0,7.0,871.0,3.0,8.0,52.0,0.0
Daniel James,Manchester-United,Midfielder,Wales,22.0,3.0,20.0,0.0,22.0,11.0,7.0,6.0,111.0,8.0,6.0,722.0,6.0,4.0,13.0,0.0
Nemanja Matic,Manchester-United,Midfielder,Serbia,32.0,6.0,35.0,0.0,491.0,46.0,337.0,406.0,1196.0,343.0,19.0,12463.0,11.0,26.0,741.0,0.0
Scott McTominay,Manchester-United,Midfielder,Scotland,23.0,6.0,17.0,0.0,69.0,17.0,62.0,62.0,288.0,94.0,1.0,1926.0,2.0,4.0,94.0,0.0
Donny van de Beek,Manchester-United,Midfielder,Netherlands,23.0,1.0,1.0,0.0,1.0,0.0,0.0,0.0,1.0,0.0,0.0,22.0,0.0,0.0,0.0,0.0
Anthony Martial,Manchester-United,Forward,France,24.0,51.0,122.0,0.0,77.0,72.0,29.0,56.0,0.0,0.0,23.0,3712.0,35.0,0.0,0.0,0.0
Marcus Rashford,Manchester-United,Forward,England,22.0,44.0,130.0,0.0,74.0,75.0,35.0,70.0,0.0,0.0,21.0,2979.0,27.0,0.0,0.0,0.0
Odion Ighalo,Manchester-United,Forward,Nigeria,31.0,16.0,62.0,0.0,39.0,36.0,18.0,30.0,0.0,0.0,4.0,1045.0,1.0,0.0,0.0,0.0
Mason Greenwood,Manchester-United,Forward,England,18.0,10.0,24.0,0.0,20.0,9.0,6.0,6.0,0.0,0.0,1.0,577.0,1.0,0.0,0.0,0.0
Mark Gillespie,Newcastle-United,Goalkeeper,England,28.0,0.0,0.0,0.0,0.0,0.0,0.0,0.0,0.0,0.0,0.0,0.0,0.0,0.0,0.0,0.0
Martin Dubravka,Newcastle-United,Goalkeeper,Slovakia,31.0,0.0,0.0,26.0,0.0,0.0,0.0,0.0,0.0,0.0,0.0,2318.0,0.0,0.0,653.0,261.0
Karl Darlow,Newcastle-United,Goalkeeper,England,29.0,0.0,0.0,6.0,0.0,0.0,0.0,0.0,0.0,0.0,0.0,554.0,0.0,0.0,171.0,65.0
Daniel Langley,Newcastle-United,Goalkeeper,England,19.0,0.0,0.0,0.0,0.0,0.0,0.0,0.0,0.0,0.0,0.0,0.0,0.0,0.0,0.0,0.0
Ciaran Clark,Newcastle-United,Defender,Ireland,30.0,14.0,0.0,29.0,306.0,18.0,304.0,1256.0,872.0,420.0,5.0,5675.0,10.0,2.0,371.0,0.0
Paul Dummett,Newcastle-United,Defender,Wales,28.0,2.0,0.0,27.0,216.0,10.0,177.0,606.0,590.0,305.0,0.0,3814.0,4.0,1.0,229.0,0.0
Fabian Schär,Newcastle-United,Defender,Switzerland,28.0,6.0,0.0,11.0,99.0,7.0,114.0,209.0,268.0,99.0,1.0,1755.0,1.0,5.0,228.0,0.0
Jamaal Lascelles,Newcastle-United,Defender,England,26.0,6.0,0.0,30.0,90.0,3.0,123.0,645.0,489.0,343.0,1.0,3699.0,2.0,2.0,237.0,0.0
Emil Krafth,Newcastle-United,Defender,Sweden,26.0,0.0,0.0,2.0,18.0,1.0,8.0,40.0,36.0,8.0,1.0,329.0,1.0,0.0,10.0,0.0
Federico Fernández,Newcastle-United,Defender,Argentina,31.0,4.0,0.0,43.0,254.0,13.0,305.0,1070.0,777.0,399.0,7.0,7218.0,5.0,2.0,523.0,0.0
Javier Manquillo,Newcastle-United,Defender,Spain,26.0,1.0,0.0,18.0,171.0,2.0,100.0,221.0,359.0,88.0,5.0,2235.0,4.0,1.0,79.0,0.0
DeAndre Yedlin,Newcastle-United,Defender,United States,27.0,2.0,0.0,19.0,169.0,5.0,107.0,269.0,398.0,109.0,5.0,2500.0,6.0,3.0,90.0,0.0
Jamal Lewis,Newcastle-United,Defender,Northern Ireland,22.0,1.0,0.0,3.0,53.0,2.0,27.0,57.0,122.0,9.0,0.0,1101.0,1.0,1.0,33.0,0.0
Jacob Murphy,Newcastle-United,Midfielder,England,25.0,1.0,8.0,0.0,19.0,7.0,7.0,15.0,76.0,11.0,2.0,325.0,4.0,1.0,11.0,0.0
Jonjo Shelvey,Newcastle-United,Midfielder,England,28.0,20.0,114.0,0.0,261.0,105.0,198.0,175.0,573.0,109.0,23.0,8878.0,30.0,67.0,976.0,0.0
Matt Ritchie,Newcastle-United,Midfielder,Scotland,31.0,11.0,51.0,0.0,193.0,76.0,150.0,173.0,507.0,113.0,20.0,4121.0,27.0,16.0,222.0,0.0
Isaac Hayden,Newcastle-United,Midfielder,England,25.0,3.0,17.0,0.0,171.0,20.0,104.0,102.0,424.0,161.0,6.0,2149.0,9.0,6.0,69.0,0.0
Miguel Almirón,Newcastle-United,Midfielder,Paraguay,26.0,4.0,25.0,0.0,81.0,25.0,39.0,20.0,222.0,11.0,3.0,1098.0,4.0,3.0,28.0,0.0
Christian Atsu,Newcastle-United,Midfielder,Ghana,28.0,3.0,28.0,0.0,52.0,17.0,26.0,41.0,217.0,32.0,6.0,1096.0,12.0,8.0,24.0,0.0
Sean Longstaff,Newcastle-United,Midfielder,England,22.0,2.0,9.0,0.0,52.0,10.0,29.0,28.0,123.0,26.0,1.0,925.0,3.0,1.0,64.0,0.0
Matthew Longstaff,Newcastle-United,Midfielder,England,20.0,2.0,2.0,0.0,3.0,1.0,5.0,3.0,17.0,6.0,0.0,255.0,1.0,1.0,10.0,0.0
Jeff Hendrick,Newcastle-United,Midfielder,Ireland,28.0,10.0,25.0,0.0,91.0,38.0,80.0,93.0,349.0,94.0,6.0,3063.0,7.0,10.0,134.0,0.0
Ryan Fraser,Newcastle-United,Midfielder,Scotland,26.0,16.0,61.0,0.0,57.0,38.0,67.0,80.0,364.0,31.0,26.0,3469.0,41.0,16.0,94.0,0.0
Henri Saivet,Newcastle-United,Midfielder,Senegal,29.0,1.0,1.0,0.0,18.0,0.0,9.0,10.0,23.0,3.0,0.0,106.0,0.0,0.0,4.0,0.0
Daniel Barlaser,Newcastle-United,Midfielder,England,23.0,0.0,0.0,0.0,0.0,0.0,0.0,0.0,0.0,0.0,0.0,0.0,0.0,0.0,0.0,0.0
Andy Carroll,Newcastle-United,Forward,England,31.0,53.0,172.0,0.0,103.0,107.0,74.0,323.0,0.0,0.0,22.0,4726.0,28.0,0.0,0.0,0.0
Joelinton,Newcastle-United,Forward,Brazil,24.0,2.0,15.0,0.0,36.0,13.0,11.0,31.0,0.0,0.0,2.0,836.0,3.0,0.0,0.0,0.0
Allan Saint-Maximin,Newcastle-United,Forward,France,23.0,3.0,21.0,0.0,15.0,14.0,9.0,5.0,0.0,0.0,4.0,458.0,8.0,0.0,0.0,0.0
Dwight Gayle,Newcastle-United,Forward,England,29.0,25.0,59.0,0.0,61.0,41.0,26.0,41.0,0.0,0.0,6.0,1201.0,6.0,0.0,0.0,0.0
Callum Wilson,Newcastle-United,Forward,England,28.0,42.0,91.0,0.0,41.0,47.0,19.0,48.0,0.0,0.0,12.0,1694.0,21.0,0.0,0.0,0.0
Wes Foderingham,Sheffield-United,Goalkeeper,England,29.0,0.0,0.0,0.0,0.0,0.0,0.0,0.0,0.0,0.0,0.0,0.0,0.0,0.0,0.0,0.0
Michael Verrips,Sheffield-United,Goalkeeper,Netherlands,23.0,0.0,0.0,0.0,0.0,0.0,0.0,0.0,0.0,0.0,0.0,0.0,0.0,0.0,0.0,0.0
Simon Moore,Sheffield-United,Goalkeeper,England,30.0,0.0,0.0,0.0,0.0,0.0,0.0,0.0,0.0,0.0,0.0,44.0,0.0,0.0,10.0,5.0
Aaron Ramsdale,Sheffield-United,Goalkeeper,England,22.0,0.0,0.0,5.0,0.0,0.0,0.0,0.0,0.0,0.0,1.0,1000.0,0.0,0.0,220.0,132.0
George Baldock,Sheffield-United,Defender,England,27.0,2.0,0.0,13.0,64.0,4.0,36.0,70.0,192.0,41.0,3.0,1178.0,3.0,0.0,22.0,0.0
Enda Stevens,Sheffield-United,Defender,Ireland,30.0,2.0,0.0,13.0,98.0,7.0,48.0,96.0,228.0,39.0,4.0,1670.0,9.0,2.0,82.0,0.0
Jack O'Connell,Sheffield-United,Defender,England,26.0,0.0,0.0,12.0,26.0,3.0,44.0,151.0,190.0,140.0,1.0,1634.0,6.0,1.0,129.0,0.0
Chris Basham,Sheffield-United,Defender,England,32.0,1.0,0.0,12.0,126.0,0.0,93.0,215.0,324.0,129.0,3.0,1656.0,2.0,0.0,97.0,0.0
John Egan,Sheffield-United,Defender,Ireland,27.0,2.0,0.0,12.0,46.0,14.0,58.0,168.0,204.0,138.0,0.0,1340.0,1.0,0.0,114.0,0.0
Jack Robinson,Sheffield-United,Defender,England,27.0,0.0,0.0,1.0,14.0,0.0,10.0,28.0,35.0,14.0,0.0,291.0,0.0,0.0,15.0,0.0
Kean Bryan,Sheffield-United,Defender,England,23.0,0.0,0.0,0.0,0.0,0.0,0.0,0.0,0.0,0.0,0.0,0.0,0.0,0.0,0.0,0.0
Phil Jagielka,Sheffield-United,Defender,England,38.0,18.0,0.0,107.0,703.0,39.0,618.0,2974.0,1842.0,783.0,9.0,14775.0,8.0,11.0,1830.0,0.0
Max Lowe,Sheffield-United,Defender,England,23.0,0.0,0.0,0.0,0.0,0.0,0.0,0.0,0.0,0.0,0.0,0.0,0.0,0.0,0.0,0.0
Ethan Ampadu,Sheffield-United,Defender,Wales,20.0,0.0,0.0,0.0,2.0,0.0,0.0,9.0,4.0,1.0,0.0,28.0,0.0,0.0,1.0,0.0
Jayden Bogle,Sheffield-United,Defender,England,20.0,0.0,0.0,0.0,0.0,0.0,0.0,0.0,0.0,0.0,0.0,0.0,0.0,0.0,0.0,0.0
John Fleck,Sheffield-United,Midfielder,Scotland,29.0,5.0,11.0,0.0,39.0,12.0,26.0,22.0,120.0,14.0,2.0,1047.0,5.0,3.0,38.0,0.0
John Lundstram,Sheffield-United,Midfielder,England,26.0,5.0,11.0,0.0,47.0,10.0,34.0,44.0,105.0,26.0,3.0,1247.0,8.0,3.0,90.0,0.0
Oliver Norwood,Sheffield-United,Midfielder,Northern Ireland,29.0,1.0,6.0,0.0,66.0,5.0,49.0,40.0,136.0,45.0,1.0,2062.0,6.0,1.0,239.0,0.0
Ben Osborn,Sheffield-United,Midfielder,England,26.0,0.0,1.0,0.0,15.0,1.0,6.0,6.0,31.0,6.0,0.0,244.0,1.0,0.0,8.0,0.0
Sander Berge,Sheffield-United,Midfielder,Norway,22.0,1.0,2.0,0.0,24.0,2.0,11.0,16.0,85.0,38.0,1.0,412.0,1.0,0.0,14.0,0.0
Jack Rodwell,Sheffield-United,Midfielder,England,29.0,10.0,58.0,0.0,212.0,63.0,113.0,227.0,470.0,148.0,4.0,3881.0,2.0,11.0,271.0,0.0
Regan Slater,Sheffield-United,Midfielder,England,21.0,0.0,0.0,0.0,0.0,0.0,0.0,0.0,0.0,0.0,0.0,0.0,0.0,0.0,0.0,0.0
Oliver Burke,Sheffield-United,Midfielder,Scotland,23.0,0.0,0.0,0.0,6.0,2.0,7.0,2.0,34.0,8.0,2.0,149.0,1.0,1.0,3.0,0.0
Zak Brunt,Sheffield-United,Midfielder,England,18.0,0.0,0.0,0.0,0.0,0.0,0.0,0.0,0.0,0.0,0.0,0.0,0.0,0.0,0.0,0.0
Oliver McBurnie,Sheffield-United,Forward,Scotland,24.0,6.0,31.0,0.0,45.0,8.0,17.0,45.0,0.0,0.0,1.0,785.0,3.0,0.0,0.0,0.0
Billy Sharp,Sheffield-United,Forward,England,34.0,3.0,7.0,0.0,7.0,3.0,1.0,3.0,0.0,0.0,2.0,233.0,5.0,0.0,0.0,0.0
David McGoldrick,Sheffield-United,Forward,Ireland,32.0,2.0,20.0,0.0,41.0,9.0,3.0,24.0,0.0,0.0,2.0,636.0,4.0,0.0,0.0,0.0
Lys Mousset,Sheffield-United,Forward,France,24.0,9.0,24.0,0.0,25.0,25.0,8.0,17.0,0.0,0.0,4.0,585.0,9.0,0.0,0.0,0.0
Alex McCarthy,Southampton,Goalkeeper,England,30.0,0.0,0.0,17.0,0.0,0.0,0.0,0.0,0.0,0.0,0.0,2325.0,0.0,0.0,628.0,314.0
Angus Gunn,Southampton,Goalkeeper,England,24.0,0.0,0.0,5.0,0.0,0.0,0.0,0.0,0.0,0.0,0.0,520.0,0.0,0.0,117.0,63.0
Fraser Forster,Southampton,Goalkeeper,England,32.0,0.0,0.0,37.0,0.0,0.0,0.0,0.0,0.0,0.0,0.0,2515.0,0.0,0.0,773.0,259.0
Harry Lewis,Southampton,Goalkeeper,England,22.0,0.0,0.0,0.0,0.0,0.0,0.0,0.0,0.0,0.0,0.0,0.0,0.0,0.0,0.0,0.0
Jannik Vestergaard,Southampton,Defender,Denmark,28.0,1.0,0.0,8.0,74.0,5.0,62.0,273.0,280.0,169.0,0.0,1709.0,3.0,3.0,98.0,0.0
Jack Stephens,Southampton,Defender,England,26.0,4.0,0.0,21.0,123.0,4.0,136.0,396.0,381.0,185.0,4.0,3850.0,3.0,5.0,237.0,0.0
Ryan Bertrand,Southampton,Defender,England,31.0,7.0,0.0,59.0,338.0,34.0,331.0,396.0,987.0,322.0,15.0,8783.0,29.0,9.0,309.0,0.0
Jake Vokins,Southampton,Defender,England,20.0,0.0,0.0,0.0,2.0,0.0,0.0,1.0,3.0,0.0,0.0,58.0,0.0,0.0,3.0,0.0
Jan Bednarek,Southampton,Defender,Poland,24.0,2.0,0.0,11.0,113.0,3.0,154.0,390.0,351.0,217.0,2.0,2655.0,2.0,3.0,140.0,0.0
Yan Valery,Southampton,Defender,France,21.0,2.0,0.0,3.0,62.0,2.0,35.0,86.0,176.0,62.0,1.0,621.0,2.0,1.0,20.0,0.0
Kyle Walker-Peters,Southampton,Defender,England,23.0,0.0,0.0,5.0,41.0,2.0,28.0,36.0,137.0,17.0,6.0,925.0,5.0,0.0,22.0,0.0
Mohammed Salisu,Southampton,Defender,Ghana,21.0,0.0,0.0,0.0,0.0,0.0,0.0,0.0,0.0,0.0,0.0,0.0,0.0,0.0,0.0,0.0
Moussa Djenepo,Southampton,Midfielder,Mali,22.0,2.0,8.0,0.0,28.0,4.0,10.0,9.0,117.0,6.0,2.0,266.0,3.0,1.0,5.0,0.0
Oriol Romeu,Southampton,Midfielder,Spain,29.0,4.0,23.0,0.0,471.0,38.0,328.0,254.0,1000.0,304.0,0.0,7889.0,12.0,9.0,434.0,0.0
James Ward-Prowse,Southampton,Midfielder,England,25.0,22.0,102.0,0.0,262.0,71.0,188.0,249.0,613.0,182.0,22.0,6946.0,36.0,17.0,294.0,0.0
Stuart Armstrong,Southampton,Midfielder,Scotland,28.0,8.0,32.0,0.0,61.0,23.0,23.0,34.0,184.0,31.0,5.0,1230.0,3.0,2.0,34.0,0.0
Sofiane Boufal,Southampton,Midfielder,Morocco,27.0,3.0,20.0,0.0,91.0,28.0,15.0,9.0,371.0,23.0,4.0,1328.0,9.0,9.0,36.0,0.0
Nathan Redmond,Southampton,Midfielder,England,26.0,25.0,129.0,0.0,253.0,108.0,113.0,74.0,924.0,69.0,18.0,5788.0,37.0,27.0,243.0,0.0
William Smallbone,Southampton,Midfielder,Ireland,20.0,0.0,0.0,0.0,13.0,2.0,3.0,1.0,0.0,0.0,2.0,248.0,0.0,0.0,0.0,0.0
Nathan Tella,Southampton,Midfielder,England,21.0,0.0,1.0,0.0,0.0,0.0,0.0,0.0,7.0,1.0,0.0,4.0,0.0,0.0,0.0,0.0
Shane Long,Southampton,Forward,Ireland,33.0,55.0,161.0,0.0,230.0,53.0,125.0,181.0,0.0,0.0,23.0,4540.0,25.0,0.0,0.0,0.0
Danny Ings,Southampton,Forward,England,28.0,45.0,108.0,0.0,106.0,65.0,37.0,45.0,0.0,0.0,9.0,1938.0,14.0,0.0,0.0,0.0
Che Adams,Southampton,Forward,England,24.0,4.0,13.0,0.0,6.0,15.0,2.0,9.0,0.0,0.0,2.0,282.0,5.0,0.0,0.0,0.0
Michael Obafemi,Southampton,Forward,Ireland,20.0,4.0,8.0,0.0,8.0,7.0,7.0,0.0,0.0,0.0,3.0,156.0,3.0,0.0,0.0,0.0
Hugo Lloris,Tottenham-Hotspur,Goalkeeper,France,33.0,0.0,0.0,92.0,0.0,0.0,0.0,0.0,0.0,0.0,0.0,6702.0,0.0,0.0,1543.0,703.0
Paulo Gazzaniga,Tottenham-Hotspur,Goalkeeper,Argentina,28.0,0.0,0.0,6.0,0.0,0.0,0.0,0.0,0.0,0.0,0.0,982.0,0.0,0.0,221.0,127.0
Joe Hart,Tottenham-Hotspur,Goalkeeper,England,33.0,0.0,0.0,127.0,0.0,0.0,0.0,0.0,0.0,0.0,1.0,6733.0,0.0,0.0,1800.0,941.0
Alfie Whiteman,Tottenham-Hotspur,Goalkeeper,England,21.0,0.0,0.0,0.0,0.0,0.0,0.0,0.0,0.0,0.0,0.0,0.0,0.0,0.0,0.0,0.0
Brandon Austin,Tottenham-Hotspur,Goalkeeper,England,21.0,0.0,0.0,0.0,0.0,0.0,0.0,0.0,0.0,0.0,0.0,0.0,0.0,0.0,0.0,0.0
Toby Alderweireld,Tottenham-Hotspur,Defender,Belgium,31.0,8.0,0.0,60.0,226.0,27.0,183.0,976.0,556.0,282.0,4.0,10036.0,5.0,22.0,1081.0,0.0
Davinson Sánchez,Tottenham-Hotspur,Defender,Colombia,24.0,1.0,0.0,23.0,122.0,5.0,102.0,384.0,379.0,199.0,1.0,4901.0,1.0,0.0,249.0,0.0
Juan Foyth,Tottenham-Hotspur,Defender,Argentina,22.0,1.0,0.0,3.0,38.0,0.0,11.0,50.0,96.0,28.0,0.0,642.0,2.0,1.0,23.0,0.0
Serge Aurier,Tottenham-Hotspur,Defender,Cote D'Ivoire,27.0,3.0,0.0,12.0,162.0,10.0,85.0,149.0,394.0,130.0,9.0,2326.0,11.0,1.0,64.0,0.0
Ben Davies,Tottenham-Hotspur,Defender,Wales,27.0,6.0,0.0,51.0,390.0,32.0,263.0,625.0,957.0,343.0,15.0,8593.0,20.0,5.0,327.0,0.0
Japhet Tanganga,Tottenham-Hotspur,Defender,England,21.0,0.0,0.0,2.0,17.0,1.0,11.0,29.0,45.0,18.0,0.0,201.0,0.0,0.0,6.0,0.0
Matt Doherty,Tottenham-Hotspur,Defender,Ireland,28.0,8.0,0.0,19.0,128.0,16.0,103.0,137.0,508.0,288.0,8.0,2970.0,11.0,4.0,103.0,0.0
Dennis Cirkin,Tottenham-Hotspur,Defender,England,18.0,0.0,0.0,0.0,0.0,0.0,0.0,0.0,0.0,0.0,0.0,0.0,0.0,0.0,0.0,0.0
Cameron Carter-Vickers,Tottenham-Hotspur,Defender,United States,22.0,0.0,0.0,0.0,0.0,0.0,0.0,0.0,0.0,0.0,0.0,0.0,0.0,0.0,0.0,0.0
Sergio Reguilón,Tottenham-Hotspur,Defender,Spain,23.0,0.0,0.0,0.0,0.0,0.0,0.0,0.0,0.0,0.0,0.0,0.0,0.0,0.0,0.0,0.0
Harry Winks,Tottenham-Hotspur,Midfielder,England,24.0,2.0,6.0,0.0,88.0,8.0,73.0,64.0,230.0,33.0,2.0,4198.0,3.0,11.0,199.0,0.0
Erik Lamela,Tottenham-Hotspur,Midfielder,Argentina,28.0,16.0,69.0,0.0,247.0,72.0,103.0,32.0,633.0,38.0,23.0,4019.0,28.0,36.0,90.0,0.0
Eric Dier,Tottenham-Hotspur,Midfielder,England,26.0,10.0,27.0,0.0,286.0,32.0,257.0,530.0,822.0,418.0,8.0,9661.0,11.0,16.0,648.0,0.0
Moussa Sissoko,Tottenham-Hotspur,Midfielder,France,31.0,14.0,69.0,0.0,280.0,54.0,163.0,176.0,1069.0,240.0,24.0,8466.0,34.0,60.0,257.0,0.0
Ryan Sessegnon,Tottenham-Hotspur,Midfielder,England,20.0,2.0,11.0,0.0,29.0,6.0,22.0,48.0,113.0,24.0,6.0,846.0,6.0,5.0,18.0,0.0
Dele Alli,Tottenham-Hotspur,Midfielder,England,24.0,50.0,128.0,0.0,237.0,82.0,127.0,99.0,817.0,121.0,33.0,5517.0,44.0,67.0,167.0,0.0
Tanguy Ndombele,Tottenham-Hotspur,Midfielder,France,23.0,2.0,4.0,0.0,24.0,3.0,14.0,8.0,102.0,8.0,2.0,672.0,1.0,4.0,19.0,0.0
Gedson Fernandes,Tottenham-Hotspur,Midfielder,Portugal,21.0,0.0,0.0,0.0,2.0,1.0,1.0,0.0,6.0,0.0,0.0,39.0,0.0,0.0,0.0,0.0
Pierre-Emile Højbjerg,Tottenham-Hotspur,Midfielder,Denmark,25.0,4.0,40.0,0.0,245.0,34.0,177.0,131.0,639.0,153.0,4.0,5860.0,4.0,20.0,315.0,0.0
Harvey White,Tottenham-Hotspur,Midfielder,England,19.0,0.0,0.0,0.0,0.0,0.0,0.0,0.0,0.0,0.0,0.0,0.0,0.0,0.0,0.0,0.0
Giovani Lo Celso,Tottenham-Hotspur,Midfielder,Argentina,24.0,0.0,3.0,0.0,51.0,7.0,9.0,17.0,140.0,9.0,2.0,995.0,1.0,8.0,44.0,0.0
Lucas Moura,Tottenham-Hotspur,Forward,Brazil,28.0,14.0,37.0,0.0,95.0,29.0,42.0,51.0,0.0,0.0,5.0,1653.0,7.0,0.0,0.0,0.0
Jack Clarke,Tottenham-Hotspur,Forward,England,19.0,0.0,0.0,0.0,0.0,0.0,0.0,0.0,0.0,0.0,0.0,0.0,0.0,0.0,0.0,0.0
Son Heung-Min,Tottenham-Hotspur,Forward,South Korea,28.0,57.0,151.0,0.0,110.0,96.0,57.0,43.0,0.0,0.0,29.0,3731.0,32.0,0.0,0.0,0.0
Harry Kane,Tottenham-Hotspur,Forward,England,27.0,144.0,354.0,0.0,139.0,190.0,59.0,147.0,0.0,0.0,24.0,4408.0,38.0,0.0,0.0,0.0
Steven Bergwijn,Tottenham-Hotspur,Forward,Netherlands,22.0,3.0,4.0,0.0,10.0,3.0,1.0,5.0,0.0,0.0,1.0,265.0,1.0,0.0,0.0,0.0
Gareth Bale,Tottenham-Hotspur,Forward,Wales,31.0,42.0,161.0,0.0,220.0,113.0,240.0,295.0,0.0,0.0,20.0,4663.0,32.0,0.0,0.0,0.0
Sam Johnstone,West-Bromwich-Albion,Goalkeeper,England,27.0,0.0,0.0,0.0,0.0,0.0,0.0,0.0,0.0,0.0,0.0,51.0,0.0,0.0,16.0,6.0
David Button,West-Bromwich-Albion,Goalkeeper,England,31.0,0.0,0.0,1.0,0.0,0.0,0.0,0.0,0.0,0.0,0.0,99.0,0.0,0.0,27.0,14.0
Jonathan Bond,West-Bromwich-Albion,Goalkeeper,England,27.0,0.0,0.0,0.0,0.0,0.0,0.0,0.0,0.0,0.0,0.0,0.0,0.0,0.0,0.0,0.0
Darnell Furlong,West-Bromwich-Albion,Defender,England,24.0,0.0,0.0,0.0,3.0,1.0,9.0,12.0,27.0,15.0,0.0,117.0,0.0,0.0,8.0,0.0
Kieran Gibbs,West-Bromwich-Albion,Defender,England,30.0,2.0,0.0,35.0,332.0,20.0,307.0,496.0,757.0,239.0,9.0,6012.0,13.0,11.0,162.0,0.0
Kyle Bartley,West-Bromwich-Albion,Defender,England,29.0,0.0,0.0,1.0,32.0,2.0,26.0,115.0,95.0,46.0,0.0,776.0,0.0,0.0,44.0,0.0
Semi Ajayi,West-Bromwich-Albion,Defender,Nigeria,26.0,0.0,0.0,0.0,0.0,0.0,2.0,3.0,1.0,1.0,0.0,54.0,0.0,0.0,5.0,0.0
Conor Townsend,West-Bromwich-Albion,Defender,England,27.0,0.0,0.0,0.0,0.0,0.0,0.0,0.0,0.0,0.0,0.0,0.0,0.0,0.0,0.0,0.0
Ahmed Hegazi,West-Bromwich-Albion,Defender,Egypt,29.0,2.0,0.0,10.0,58.0,0.0,60.0,270.0,192.0,103.0,0.0,1186.0,0.0,1.0,135.0,0.0
Dara O'Shea,West-Bromwich-Albion,Defender,Ireland,21.0,0.0,0.0,0.0,8.0,0.0,1.0,6.0,12.0,3.0,0.0,79.0,0.0,0.0,13.0,0.0
Cédric Kipré,West-Bromwich-Albion,Defender,Cote D'Ivoire,23.0,0.0,0.0,0.0,0.0,0.0,0.0,0.0,0.0,0.0,0.0,0.0,0.0,0.0,0.0,0.0
Lee Peltier,West-Bromwich-Albion,Defender,England,33.0,0.0,0.0,5.0,39.0,0.0,18.0,53.0,78.0,30.0,0.0,342.0,0.0,0.0,21.0,0.0
Branislav Ivanovic,West-Bromwich-Albion,Defender,Serbia,36.0,22.0,0.0,86.0,528.0,40.0,393.0,1137.0,1427.0,587.0,20.0,9871.0,20.0,12.0,660.0,0.0
Jake Livermore,West-Bromwich-Albion,Midfielder,England,30.0,7.0,32.0,0.0,363.0,41.0,227.0,164.0,633.0,108.0,9.0,6813.0,11.0,20.0,482.0,0.0
Matt Phillips,West-Bromwich-Albion,Midfielder,Scotland,29.0,10.0,39.0,0.0,100.0,40.0,70.0,83.0,435.0,114.0,22.0,1831.0,23.0,9.0,60.0,0.0
Kamil Grosicki,West-Bromwich-Albion,Midfielder,Poland,32.0,0.0,7.0,0.0,4.0,4.0,8.0,6.0,21.0,1.0,4.0,251.0,5.0,0.0,1.0,0.0
Rekeem Harper,West-Bromwich-Albion,Midfielder,England,20.0,0.0,0.0,0.0,1.0,0.0,1.0,0.0,2.0,0.0,0.0,18.0,0.0,0.0,2.0,0.0
Romaine Sawyers,West-Bromwich-Albion,Midfielder,Saint Kitts And Nevis,28.0,0.0,0.0,0.0,2.0,0.0,2.0,1.0,6.0,2.0,0.0,63.0,0.0,0.0,3.0,0.0
Sam Field,West-Bromwich-Albion,Midfielder,England,22.0,1.0,1.0,0.0,21.0,4.0,15.0,9.0,47.0,12.0,0.0,275.0,0.0,0.0,17.0,0.0
Kyle Edwards,West-Bromwich-Albion,Midfielder,England,22.0,0.0,0.0,0.0,2.0,1.0,0.0,0.0,0.0,0.0,0.0,11.0,0.0,0.0,0.0,0.0
Grady Diangana,West-Bromwich-Albion,Midfielder,England,22.0,1.0,5.0,0.0,23.0,3.0,4.0,5.0,72.0,9.0,1.0,298.0,3.0,0.0,4.0,0.0
Conor Gallagher,West-Bromwich-Albion,Midfielder,England,20.0,0.0,0.0,0.0,0.0,0.0,0.0,0.0,0.0,0.0,0.0,0.0,0.0,0.0,0.0,0.0
Hal Robson-Kanu,West-Bromwich-Albion,Forward,Wales,31.0,12.0,28.0,0.0,21.0,17.0,29.0,34.0,0.0,0.0,3.0,682.0,2.0,0.0,0.0,0.0
Kenneth Zohore,West-Bromwich-Albion,Forward,Denmark,26.0,1.0,8.0,0.0,3.0,4.0,2.0,5.0,0.0,0.0,1.0,136.0,1.0,0.0,0.0,0.0
Matheus Pereira,West-Bromwich-Albion,Forward,Brazil,24.0,1.0,2.0,0.0,1.0,1.0,3.0,2.0,0.0,0.0,1.0,56.0,0.0,0.0,0.0,0.0
Charlie Austin,West-Bromwich-Albion,Forward,England,31.0,34.0,106.0,0.0,62.0,78.0,17.0,84.0,0.0,0.0,8.0,1500.0,7.0,0.0,0.0,0.0
Callum Robinson,West-Bromwich-Albion,Forward,Ireland,25.0,1.0,5.0,0.0,7.0,3.0,7.0,3.0,0.0,0.0,1.0,190.0,2.0,0.0,0.0,0.0
Jamie Soule,West-Bromwich-Albion,Forward,England,19.0,0.0,0.0,0.0,0.0,0.0,0.0,0.0,0.0,0.0,0.0,0.0,0.0,0.0,0.0,0.0
Lukasz Fabianski,West-Ham-United,Goalkeeper,Poland,35.0,0.0,0.0,63.0,0.0,0.0,0.0,0.0,0.0,0.0,2.0,6328.0,0.0,0.0,1895.0,807.0
David Martin,West-Ham-United,Goalkeeper,England,34.0,0.0,0.0,2.0,0.0,0.0,0.0,0.0,0.0,0.0,0.0,111.0,0.0,0.0,40.0,15.0
Darren Randolph,West-Ham-United,Goalkeeper,Ireland,33.0,0.0,0.0,6.0,0.0,0.0,0.0,0.0,0.0,0.0,0.0,839.0,0.0,0.0,309.0,85.0
Nathan Trott,West-Ham-United,Goalkeeper,England,21.0,0.0,0.0,0.0,0.0,0.0,0.0,0.0,0.0,0.0,0.0,0.0,0.0,0.0,0.0,0.0
Aaron Cresswell,West-Ham-United,Defender,England,30.0,8.0,0.0,40.0,212.0,28.0,230.0,515.0,645.0,260.0,18.0,6957.0,27.0,6.0,506.0,0.0
Fabián Balbuena,West-Ham-United,Defender,Paraguay,29.0,2.0,0.0,8.0,57.0,5.0,79.0,243.0,188.0,124.0,0.0,1335.0,1.0,2.0,86.0,0.0
Gonçalo Cardoso,West-Ham-United,Defender,Portugal,19.0,0.0,0.0,0.0,0.0,0.0,0.0,0.0,0.0,0.0,0.0,0.0,0.0,0.0,0.0,0.0
Angelo Ogbonna,West-Ham-United,Defender,Italy,32.0,4.0,0.0,28.0,171.0,10.0,208.0,689.0,626.0,373.0,1.0,4633.0,2.0,3.0,342.0,0.0
Issa Diop,West-Ham-United,Defender,France,23.0,4.0,0.0,11.0,97.0,2.0,114.0,326.0,291.0,157.0,1.0,2212.0,3.0,0.0,107.0,0.0
Ryan Fredericks,West-Ham-United,Defender,England,27.0,1.0,0.0,9.0,122.0,4.0,41.0,109.0,234.0,59.0,4.0,1358.0,5.0,0.0,47.0,0.0
Arthur Masuaku,West-Ham-United,Defender,The Democratic Republic Of Congo,26.0,0.0,0.0,12.0,196.0,5.0,102.0,140.0,506.0,74.0,6.0,2578.0,7.0,4.0,128.0,0.0
Ben Johnson,West-Ham-United,Defender,England,20.0,0.0,0.0,0.0,9.0,0.0,4.0,13.0,18.0,7.0,0.0,135.0,0.0,0.0,6.0,0.0
Ajibola Alese,West-Ham-United,Defender,England,19.0,0.0,0.0,0.0,0.0,0.0,0.0,0.0,0.0,0.0,0.0,0.0,0.0,0.0,0.0,0.0
Harrison Ashby,West-Ham-United,Defender,Scotland,18.0,0.0,0.0,0.0,0.0,0.0,0.0,0.0,0.0,0.0,0.0,0.0,0.0,0.0,0.0,0.0
Felipe Anderson,West-Ham-United,Midfielder,Brazil,27.0,10.0,33.0,0.0,136.0,25.0,63.0,22.0,366.0,16.0,8.0,2567.0,14.0,27.0,127.0,0.0
Manuel Lanzini,West-Ham-United,Midfielder,Argentina,27.0,20.0,61.0,0.0,123.0,56.0,118.0,30.0,533.0,20.0,13.0,5096.0,18.0,24.0,136.0,0.0
Robert Snodgrass,West-Ham-United,Midfielder,Scotland,33.0,26.0,88.0,0.0,265.0,78.0,106.0,105.0,864.0,158.0,23.0,4715.0,35.0,36.0,135.0,0.0
Mark Noble,West-Ham-United,Midfielder,England,33.0,46.0,114.0,0.0,860.0,91.0,566.0,264.0,1607.0,99.0,35.0,17862.0,35.0,105.0,1484.0,0.0
Pablo Fornals,West-Ham-United,Midfielder,Spain,24.0,2.0,11.0,0.0,47.0,10.0,26.0,8.0,92.0,10.0,5.0,893.0,4.0,6.0,41.0,0.0
Jack Wilshere,West-Ham-United,Midfielder,England,28.0,8.0,50.0,0.0,217.0,43.0,153.0,53.0,926.0,59.0,18.0,7494.0,32.0,156.0,364.0,0.0
Declan Rice,West-Ham-United,Midfielder,England,21.0,3.0,14.0,0.0,254.0,15.0,160.0,180.0,489.0,141.0,3.0,3942.0,2.0,4.0,275.0,0.0
Josh Cullen,West-Ham-United,Midfielder,Ireland,24.0,0.0,0.0,0.0,0.0,0.0,2.0,1.0,0.0,0.0,0.0,4.0,0.0,0.0,0.0,0.0
Conor Coventry,West-Ham-United,Midfielder,Ireland,20.0,0.0,0.0,0.0,0.0,0.0,0.0,0.0,0.0,0.0,0.0,0.0,0.0,0.0,0.0,0.0
Michail Antonio,West-Ham-United,Forward,England,30.0,37.0,117.0,0.0,120.0,72.0,126.0,123.0,926.0,316.0,14.0,2689.0,21.0,17.0,117.0,0.0
Andriy Yarmolenko,West-Ham-United,Forward,Ukraine,30.0,7.0,17.0,0.0,18.0,8.0,8.0,7.0,0.0,0.0,1.0,626.0,7.0,0.0,0.0,0.0
Jarrod Bowen,West-Ham-United,Forward,England,23.0,1.0,7.0,0.0,24.0,14.0,19.0,4.0,0.0,0.0,4.0,328.0,4.0,0.0,0.0,0.0
Sébastien Haller,West-Ham-United,Forward,France,26.0,7.0,28.0,0.0,22.0,10.0,8.0,26.0,0.0,0.0,1.0,779.0,2.0,0.0,0.0,0.0
Xande Silva,West-Ham-United,Forward,Portugal,23.0,0.0,0.0,0.0,0.0,2.0,0.0,0.0,0.0,0.0,0.0,4.0,0.0,0.0,0.0,0.0
Emmanuel Longelo,West-Ham-United,Forward,England,19.0,0.0,0.0,0.0,0.0,0.0,0.0,0.0,0.0,0.0,0.0,0.0,0.0,0.0,0.0,0.0
Rui Patrício,Wolverhampton-Wanderers,Goalkeeper,Portugal,32.0,0.0,0.0,21.0,0.0,0.0,0.0,0.0,0.0,0.0,0.0,1530.0,0.0,0.0,550.0,195.0
John Ruddy,Wolverhampton-Wanderers,Goalkeeper,England,33.0,0.0,0.0,25.0,0.0,0.0,0.0,0.0,0.0,0.0,0.0,2580.0,0.0,0.0,736.0,389.0
Willy Boly,Wolverhampton-Wanderers,Defender,France,29.0,4.0,0.0,20.0,147.0,6.0,116.0,285.0,425.0,234.0,1.0,2779.0,5.0,2.0,129.0,0.0
Conor Coady,Wolverhampton-Wanderers,Defender,England,27.0,0.0,0.0,23.0,71.0,0.0,62.0,251.0,160.0,68.0,0.0,3617.0,2.0,7.0,545.0,0.0
Jonny,Wolverhampton-Wanderers,Defender,Spain,26.0,3.0,0.0,14.0,170.0,18.0,113.0,82.0,367.0,74.0,3.0,2162.0,3.0,2.0,53.0,0.0
Rúben Vinagre,Wolverhampton-Wanderers,Defender,Portugal,21.0,0.0,0.0,2.0,40.0,2.0,26.0,31.0,107.0,16.0,0.0,556.0,3.0,1.0,14.0,0.0
Maximilian Kilman,Wolverhampton-Wanderers,Defender,England,23.0,0.0,0.0,0.0,4.0,0.0,4.0,7.0,17.0,12.0,0.0,101.0,0.0,0.0,2.0,0.0
Oskar Buur,Wolverhampton-Wanderers,Defender,Denmark,22.0,0.0,0.0,0.0,0.0,0.0,0.0,0.0,1.0,1.0,0.0,14.0,0.0,0.0,0.0,0.0
Marçal,Wolverhampton-Wanderers,Defender,Brazil,31.0,0.0,0.0,1.0,2.0,0.0,2.0,3.0,11.0,6.0,0.0,37.0,0.0,0.0,2.0,0.0
Ki-Jana Hoever,Wolverhampton-Wanderers,Defender,Netherlands,18.0,0.0,0.0,0.0,0.0,0.0,0.0,0.0,0.0,0.0,0.0,0.0,0.0,0.0,0.0,0.0
Rúben Neves,Wolverhampton-Wanderers,Midfielder,Portugal,23.0,6.0,26.0,0.0,139.0,55.0,131.0,77.0,263.0,60.0,5.0,4024.0,7.0,19.0,440.0,0.0
Daniel Podence,Wolverhampton-Wanderers,Midfielder,Portugal,24.0,1.0,3.0,0.0,7.0,4.0,2.0,1.0,28.0,0.0,2.0,143.0,4.0,2.0,6.0,0.0
Romain Saïss,Wolverhampton-Wanderers,Midfielder,Morocco,30.0,5.0,15.0,0.0,97.0,6.0,87.0,187.0,326.0,186.0,1.0,2453.0,4.0,1.0,208.0,0.0
João Moutinho,Wolverhampton-Wanderers,Midfielder,Portugal,34.0,2.0,9.0,0.0,210.0,10.0,91.0,59.0,340.0,43.0,14.0,3778.0,16.0,10.0,281.0,0.0
Leander Dendoncker,Wolverhampton-Wanderers,Midfielder,Belgium,25.0,6.0,15.0,0.0,124.0,6.0,61.0,92.0,328.0,158.0,0.0,1966.0,2.0,0.0,81.0,0.0
Vitinha,Wolverhampton-Wanderers,Midfielder,Portugal,20.0,0.0,0.0,0.0,0.0,0.0,0.0,0.0,1.0,0.0,0.0,5.0,0.0,0.0,0.0,0.0
Meritan Shabani,Wolverhampton-Wanderers,Midfielder,Germany,21.0,0.0,0.0,0.0,0.0,0.0,0.0,0.0,0.0,0.0,0.0,0.0,0.0,0.0,0.0,0.0
Pedro Neto,Wolverhampton-Wanderers,Forward,Portugal,20.0,3.0,6.0,0.0,11.0,7.0,9.0,3.0,0.0,0.0,4.0,399.0,5.0,0.0,0.0,0.0
Raúl Jiménez,Wolverhampton-Wanderers,Forward,Mexico,29.0,32.0,82.0,0.0,51.0,53.0,43.0,75.0,0.0,0.0,13.0,2108.0,26.0,0.0,0.0,0.0
Adama Traoré,Wolverhampton-Wanderers,Forward,Spain,24.0,5.0,21.0,0.0,86.0,26.0,27.0,26.0,0.0,0.0,12.0,1434.0,13.0,0.0,0.0,0.0
Fábio Silva,Wolverhampton-Wanderers,Forward,Portugal,18.0,0.0,0.0,0.0,0.0,0.0,0.0,0.0,0.0,0.0,0.0,1.0,0.0,0.0,0.0,0.0
Leonardo Campana,Wolverhampton-Wanderers,Forward,Ecuador,20.0,0.0,0.0,0.0,0.0,0.0,0.0,0.0,0.0,0.0,0.0,0.0,0.0,0.0,0.0,0.0
